date,sma_10,sma_20,sma_50,sma_100,sma_200,ema_12,ema_26,rsi_14,macd,macd_signal,macd_hist
2015-12-01,,,,,,,,,,,
2015-12-02,,,,,,,,,,,
2015-12-03,,,,,,,,,,,
2015-12-04,,,,,,,,,,,
2015-12-07,,,,,,,,,,,
2015-12-08,,,,,,,,,,,
2015-12-09,,,,,,,,,,,
2015-12-10,,,,,,,,,,,
2015-12-11,,,,,,,,,,,
2015-12-14,61.664,,,,,,,,,,
2015-12-15,61.19499999999999,,,,,,,,,,
2015-12-16,61.033,,,,,61.63083333333333,,,,,
2015-12-17,60.908,,,,,61.44455128205128,,,,,
2015-12-18,60.498000000000005,,,,,61.04692800788955,,,,,
2015-12-21,60.272000000000006,,,,,60.84586216052192,,34.950385887541344,,,
2015-12-22,60.081,,,,,60.73111413582624,,36.311550278169896,,,
2015-12-23,60.088,,,,,60.68017349954528,,37.48550147649828,,,
2015-12-24,60.124,,,,,60.68783911499985,,38.821378323106444,,,
2015-12-28,60.34400000000001,,,,,60.65894078961526,,38.20854169716586,,,
2015-12-29,60.509,61.0865,,,,60.77448836044368,,42.102840399520716,,,
2015-12-30,60.55800000000001,60.8765,,,,60.80918245883696,,40.85356573931046,,,
2015-12-31,60.318,60.6755,,,,60.68776977286204,,37.95463241127942,,,
2016-01-04,60.089,60.4985,,,,60.294266730883265,,33.07948834235984,,,
2016-01-05,60.016,60.25699999999999,,,,59.96130261843969,,33.07948834235984,,,
2016-01-06,59.754999999999995,60.0135,,,,59.5257176002182,,30.662689663665816,,,
2016-01-07,59.40899999999999,59.74499999999999,,,,59.08176104633848,60.491538461538475,29.524423361490364,-1.409777415199997,,
2016-01-08,58.94499999999999,59.51649999999999,,,,58.57072088536333,60.14105413105415,27.546662003917675,-1.5703332456908186,,
2016-01-11,58.483999999999995,59.30400000000001,,,,58.193686902999744,59.84319826949458,29.623602280080434,-1.6495113664948349,,
2016-01-12,58.399,59.37149999999999,,,,58.417735071769016,59.828887286569056,45.97680333864877,-1.4111522148000404,,
2016-01-13,58.035000000000004,59.27199999999999,,,,58.31808352226609,59.67637711719357,40.569912063518245,-1.3582935949274741,,
2016-01-14,57.955,59.256499999999996,,,,58.60760913422516,59.71516399740145,48.92995011066801,-1.10755486317629,,
2016-01-15,57.824,59.071000000000005,,,,58.62336157511359,59.640707405001336,44.77117836885518,-1.017345829887745,,
2016-01-19,58.004999999999995,59.047000000000004,,,,58.825921332788425,59.662877226853084,48.651116851581854,-0.8369558940646584,,
2016-01-20,58.117000000000004,59.066500000000005,,,,58.891164204667135,59.63229372856767,46.67037002188314,-0.7411295239005327,-1.233561549793599,0.49243202589306634
2016-01-21,58.31,59.032500000000006,,,,58.91713894241065,59.589901600525614,46.11362719185815,-0.6727626581149622,-1.1214017714578717,0.4486391133429095
2016-01-22,58.697,59.053,,,,59.16219448973209,59.65805703752371,50.92503805796665,-0.4958625477916243,-0.9962939267246222,0.5004313789329979
2016-01-25,59.213,59.07900000000001,,,,59.43262610669638,59.751534294003434,52.22402151894996,-0.31890818730705206,-0.8608167788411083,0.5419085915340562
2016-01-26,59.795,59.1395,,,,59.8183759364354,59.913642864817994,55.38774708544778,-0.09526692838259265,-0.7077068087494052,0.6124398803668125
2016-01-27,59.931,59.165000000000006,,,,60.00170271544534,59.9948545044611,52.006226636253096,0.006848210984237824,-0.5647958048026767,0.5716440157869145
2016-01-28,60.288,59.161500000000004,,,,60.207594605376826,60.09449491153806,53.10039259638645,0.11309969383876961,-0.4292167050743874,0.542316398913157
2016-01-29,60.599000000000004,59.277,,,,60.68488774301116,60.33268047364635,59.0956130933536,0.3522072693648113,-0.2729319101865477,0.625139179551359
2016-02-01,60.961,59.3925,,,,60.93798193639405,60.48063006819106,55.30797689086511,0.45735186820299134,-0.1268751545086399,0.5842270227116313
2016-02-02,60.979000000000006,59.492,,,,60.8121385615642,60.45391672980654,47.85854151429667,0.3582218317576604,-0.02985575725537984,0.38807758901304024
2016-02-03,61.129999999999995,59.6235,,,,60.80411724440047,60.47658956463568,49.96048511419684,0.3275276797647919,0.041620930148654506,0.2859067496161374
2016-02-04,61.186,59.74799999999999,,,,60.62194536064655,60.41313848577378,46.37436048887234,0.20880687487277072,0.07505811909347776,0.13374875577929296
2016-02-05,60.989,59.843,,,,60.30164607439323,60.27438748682757,43.209995708572336,0.027258587565661685,0.06549821278791454,-0.038239625222252854
2016-02-08,60.302,59.75750000000001,,,,59.33985437064043,59.81332174706256,33.098343275431745,-0.47346737642212844,-0.042294905054094056,-0.4311724713680344
2016-02-09,59.340999999999994,59.568,,,,58.261415236695754,59.25900161765052,30.18436234716343,-0.9975863809547647,-0.23335320023422818,-0.7642331807205365
2016-02-10,58.572,59.2515,,,,57.50119750797333,58.81907557189862,33.797198357193864,-1.317878063925292,-0.450258172972441,-0.8676198909528511
2016-02-11,57.649,58.968500000000006,59.629,,,56.671782506746666,58.322107011017245,31.64196711489737,-1.6503245042705785,-0.6902714392320686,-0.96005306503851
2016-02-12,56.705,58.652,59.40240000000001,,,56.240739044170255,57.99232130649745,37.85015957621948,-1.7515822623271973,-0.9025336038510943,-0.849048658476103
2016-02-16,55.973,58.467,59.221799999999995,,,56.05139457583637,57.77140861712727,41.552837318830484,-1.7200140412909022,-1.066029691339056,-0.6539843499518463
2016-02-17,55.62199999999999,58.3005,59.1206,,,56.13733387186154,57.68537834919192,46.38112776799537,-1.5480444773303788,-1.1624326485373206,-0.3856118287930581
2016-02-18,55.147000000000006,58.1385,58.9816,,,56.117744045421304,57.56127624925178,44.88373779030397,-1.443532203830479,-1.2186525595959523,-0.22487964423452667
2016-02-19,54.775,57.98049999999999,58.8596,,,56.084244961510336,57.438218749307204,44.59945583389214,-1.3539737877968676,-1.2457168052361354,-0.10825698256073224
2016-02-22,54.584,57.786500000000004,58.751999999999995,,,56.16820727512413,57.378350693802965,46.99863241277727,-1.2101434186788325,-1.2386021279246748,0.028458709245842373
2016-02-23,54.754999999999995,57.528499999999994,58.660599999999995,,,56.10540615587426,57.258472864632374,44.523931252542795,-1.1530667087581108,-1.2214950440913621,0.06842833533325132
2016-02-24,55.141,57.24100000000001,58.577,,,56.11842059343207,57.179326726511455,46.036352344862784,-1.060906133079385,-1.1893772618889669,0.1284711288095819
2016-02-25,55.533,57.052499999999995,58.5558,,,56.2909712713656,57.18382104306617,49.64632371932539,-0.8928497717005683,-1.1300717638512872,0.23722199215071882
2016-02-26,56.025999999999996,56.8375,58.501400000000004,,,56.40620646038628,57.17316763246867,48.97428248309227,-0.7669611720823895,-1.0574496454975078,0.2904884734151183
2016-02-29,56.337,56.521,58.4308,,,56.494482389557625,57.15885891895247,48.76103315850789,-0.6643765293948434,-0.9788350222769749,0.31445849288213157
2016-03-01,56.657000000000004,56.31500000000001,58.346599999999995,,,56.75840817577953,57.23672122125228,53.254654758828636,-0.47831304547275266,-0.8787306269161306,0.4004175814433779
2016-03-02,56.763999999999996,56.193,58.2918,,,56.90019153335191,57.26955668634471,51.172153513278,-0.36936515299279904,-0.7768575321314642,0.4074923791386652
2016-03-03,56.943,56.044999999999995,58.2706,,,57.038623605143925,57.3088487836525,51.63332662059948,-0.27022517850857497,-0.6755310614068865,0.4053058828983115
2016-03-04,57.126999999999995,55.951,58.230599999999995,,,57.146527665891014,57.34078591078935,51.3720635047209,-0.19425824489833587,-0.5792764981051763,0.38501825320684047
2016-03-07,57.164,55.87399999999999,58.1686,,,57.12398494806163,57.31554250999014,48.136934678112404,-0.19155756192850504,-0.5017327108698421,0.310175148941337
2016-03-08,57.181000000000004,55.967999999999996,58.0792,,,56.94029495605215,57.21290973147235,43.8380793619891,-0.27261477542020174,-0.45590912377991405,0.1832943483597123
2016-03-09,57.166999999999994,56.153999999999996,57.9856,,,56.803326501274896,57.12676826988181,44.437372525843564,-0.3234417686069122,-0.4294156527453137,0.10597388413840148
2016-03-10,56.98499999999999,56.259,57.88399999999999,,,56.5905070395403,57.0003409906313,41.90895830065264,-0.4098339510910023,-0.42549931241445144,0.015665361323449145
2016-03-11,56.977999999999994,56.501999999999995,57.795199999999994,,,56.64889057191871,56.9980935098438,49.51925274317933,-0.34920293792508517,-0.4102400375165782,0.06103709959149306
2016-03-14,57.092,56.7145,57.7376,,,56.87521509931584,57.08119769429982,54.302626937755356,-0.20598259498397908,-0.3693885490100584,0.16340595402607933
2016-03-15,57.07399999999999,56.8655,57.6978,,,57.052874314805706,57.15147934657391,53.87239345657527,-0.09860503176820146,-0.315231845561687,0.21662681379348553
2016-03-16,57.197,56.98049999999999,57.7134,,,57.33858595868175,57.28174013571658,57.42436399925591,0.05684582296516538,-0.2408163118563165,0.29766213482148185
2016-03-17,57.290000000000006,57.116499999999995,57.72539999999999,,,57.552649657346095,57.38901864418202,56.46656512686484,0.16363101316407125,-0.15992684685223896,0.3235578600163102
2016-03-18,57.44100000000001,57.284000000000006,57.76780000000001,,,57.813780479292845,57.52686911498335,58.61412739982595,0.28691136430949626,-0.0705592046198919,0.35747056892938817
2016-03-21,57.693000000000005,57.4285,57.8254,,,58.07627579017087,57.674508439799396,59.72509765323009,0.4017673503714718,0.02390610637838085,0.37786124399309096
2016-03-22,57.98499999999999,57.58299999999999,57.8872,,,58.195310283990736,57.76158188870315,55.727358153747076,0.4337283952875879,0.10587056416022227,0.3278578311273656
2016-03-23,58.286,57.7265,57.946000000000005,,,58.328339471069086,57.85776100805847,56.70553895742856,0.470578463010618,0.17881214393030143,0.2917663190803166
2016-03-24,58.77600000000001,57.8805,57.9594,,,58.6347487832123,58.04014908153562,62.11426896772128,0.5945997016766853,0.2619696554795782,0.3326300461971071
2016-03-28,59.097,58.0375,58.007600000000004,,,58.87247973964118,58.198656556977426,61.19941368358915,0.6738231826637531,0.3443403609164132,0.3294828217473399
2016-03-29,59.447,58.269499999999994,58.035999999999994,,,59.29517516431177,58.45208940460873,66.64172894175726,0.8430857597030439,0.44408944067373934,0.39899631902930455
2016-03-30,59.88900000000001,58.4815,58.11080000000001,,,59.780532831340736,58.748230930193266,69.31346495256577,1.03230190114747,0.5617319327684855,0.47056996837898435
2016-03-31,60.267999999999994,58.7325,58.166000000000004,,,60.22968162651908,59.04095456499377,70.09050899106794,1.188727061525313,0.6871309585198511,0.5015961030054619
2016-04-01,60.70700000000001,58.9985,58.2434,,,60.67434599166999,59.343106078697936,71.40073615553558,1.3312399129720518,0.8159527494102912,0.5152871635617606
2016-04-04,60.95799999999999,59.1995,58.297399999999996,,,60.841369685259224,59.522135258053645,61.93890107559583,1.3192344272055792,0.9166090849693489,0.40262534223623025
2016-04-05,61.124,59.408500000000004,58.3108,,,60.8934666567578,59.64494005375338,58.385444257403215,1.2485266030044215,0.9829925885763635,0.265534014428058
2016-04-06,61.395,59.69,58.3236,,,60.99601024802584,59.786796346067945,60.00441817386584,1.2092139019578951,1.0282368512526698,0.1809770507052253
2016-04-07,61.488,59.887,58.2846,,,60.84123944063725,59.80184846858143,51.15033129212509,1.0393909720558199,1.0304676754133,0.008923296642519896
2016-04-08,61.471999999999994,60.124,58.2676,,,60.7364333728469,59.82837821164947,51.976648820518896,0.9080551611974315,1.0059851725701263,-0.09793001137269486
2016-04-11,61.452,60.2745,58.2404,,,60.620059007793536,59.839609455231,50.99307977545441,0.780449552562537,0.9608780485686085,-0.18042849600607147
2016-04-12,61.236000000000004,60.34150000000001,58.1634,,,60.44158839120992,59.811490236325,48.15790593495072,0.6300981548849194,0.8947220698318707,-0.26462391494695137
2016-04-13,61.03599999999999,60.4625,58.1258,,,60.442882484869926,59.858787255856484,53.462893410125474,0.5840952290134425,0.8325967016681852,-0.24850147265474276
2016-04-14,60.802,60.535000000000004,58.1306,,,60.430131333351476,59.89591412579304,52.93259900651903,0.5342172075584344,0.7729208028462351,-0.23870359528780072
2016-04-15,60.497,60.602,58.116800000000005,,,60.37472651283586,59.90880937573429,51.1713073831747,0.46591713710157023,0.7115200696973022,-0.24560293259573196
2016-04-18,60.359,60.658500000000004,58.132,,,60.375537818553425,59.94371238493916,52.97269239827911,0.4318254336142644,0.6555811424806947,-0.22375570886643026
2016-04-19,60.226,60.675,58.15820000000001,,,60.29468584646828,59.936770726795515,49.60337782717994,0.3579151196727679,0.5960479379191094,-0.23813281824634147
2016-04-20,60.07899999999999,60.73700000000001,58.278999999999996,,,60.26319571624239,59.94812104332918,51.11953727687643,0.31507467291321234,0.53985328491793,-0.22477861200471771
2016-04-21,60.085,60.786500000000004,58.4334,,,60.23039637528203,59.955667632712206,50.84498502827346,0.2747287425698204,0.4868283764483081,-0.21209963387848774
2016-04-22,60.113,60.7925,58.5758,,,60.262643086777096,59.99154410436315,53.46901983201325,0.27109898241394603,0.44368249764143575,-0.17258351522748971
2016-04-25,60.136,60.794,58.73780000000001,59.1834,,60.25454415034985,60.00772602255847,51.71565730885458,0.24681812779137857,0.40430962367142437,-0.1574914958800458
2016-04-26,60.253,60.7445,58.87299999999999,59.1377,,60.312306588757565,60.053820391257844,54.64076181169314,0.258486197499721,0.37514493843708374,-0.11665874093736273
2016-04-27,60.266000000000005,60.650999999999996,58.98440000000001,59.103100000000005,,60.35349019048717,60.092796658572084,54.21965024359267,0.2606935319150878,0.35225465713268456,-0.09156112521759674
2016-04-28,60.20300000000001,60.5025,59.046800000000005,59.0837,,60.257568622719916,60.06592283201119,47.51542429623907,0.19164579070872634,0.3201328838478929,-0.12848709313916656
2016-04-29,60.032999999999994,60.26500000000001,59.09400000000001,59.0378,,59.96717344999378,59.94029891852888,39.169972333346855,0.026874531464898155,0.261481213371294,-0.23460668190639583
2016-05-02,59.831999999999994,60.0955,59.1434,59.00149999999999,,59.721454457687045,59.82398048011933,39.169972333346855,-0.10252602243228637,0.18867976621057791,-0.2912057886428643
2016-05-03,59.612,59.919000000000004,59.1638,58.9579,,59.40276915650442,59.662944888999384,35.35707957312148,-0.2601757324949645,0.09890866646946944,-0.35908439896443395
2016-05-04,59.35699999999999,59.718,59.199400000000004,58.93,,59.11618928627297,59.505689712036464,34.79973707397819,-0.38950042576349375,0.0012268480228768142,-0.39072727378637057
2016-05-05,59.111000000000004,59.598,59.22740000000001,58.9022,,58.881390934538665,59.36378677040413,35.298987967820864,-0.48239583586546786,-0.09549768875479211,-0.3868981471106757
2016-05-06,59.122,59.61749999999999,59.2936,58.9247,,59.138100021532715,59.451654417040864,56.523262063501406,-0.3135543955081488,-0.13910903010546344,-0.17444536540268535
2016-05-09,59.18300000000001,59.6595,59.3692,58.9353,,59.39685386437384,59.55301334911191,57.88051733333697,-0.15615948473806895,-0.14251912103198455,-0.013640363706084402
2016-05-10,59.294000000000004,59.7735,59.4644,58.9476,,59.7573378852394,59.7150123602888,62.20959053268567,0.04232552495059849,-0.10555019183546795,0.14787571678606642
2016-05-11,59.34599999999999,59.806000000000004,59.52219999999999,58.934400000000004,,59.96390128751026,59.81760403730445,57.76194146300218,0.1462972502058122,-0.055180703427211916,0.20147795363302412
2016-05-12,59.48599999999999,59.8445,59.5912,58.941500000000005,,60.14330108943176,59.914818553059675,57.91383471864367,0.22848253637208416,0.0015519445326473008,0.22693059183943687
2016-05-13,59.784000000000006,59.908500000000004,59.66219999999999,58.96639999999999,,60.32894707567303,60.02112828987007,59.07608022865678,0.30781878580295796,0.06280531278670944,0.24501347301624854
2016-05-16,60.12800000000001,59.98,59.74360000000001,58.9871,,60.55680137172333,60.153637305435254,61.47190936298073,0.40316406628807755,0.13087706348698305,0.2722870028010945
2016-05-17,60.527,60.069500000000005,59.836400000000005,59.0025,,60.72344731453512,60.26373824577338,60.072231306885065,0.45970906876173956,0.19664346454193438,0.2630656042198052
2016-05-18,60.975,60.16600000000001,59.9582,59.018699999999995,,60.92291695845279,60.39383170904943,62.147006468617114,0.5290852494033587,0.26313182151421927,0.2659534278891394
2016-05-19,61.416999999999994,60.263999999999996,60.0774,59.03150000000001,,61.0901605033062,60.51354787874947,62.05562077542848,0.5766126245567307,0.32582798212272157,0.2507846424340091
2016-05-20,61.656000000000006,60.38900000000001,60.227799999999995,59.0559,,61.37475119510525,60.693285072916176,66.92648458878432,0.6814661221890717,0.3969556101359916,0.28451051205308003
2016-05-23,61.748000000000005,60.465500000000006,60.32320000000001,59.059200000000004,,61.43094331893521,60.77081951195942,56.79542500400926,0.6601238069757969,0.44958924950395274,0.21053455747184413
2016-05-24,61.864999999999995,60.579499999999996,60.419,59.078300000000006,,61.65849050063749,60.92927732588834,62.72076348754562,0.7292131747491482,0.5055140345529918,0.22369914019615633
2016-05-25,62.01500000000001,60.68050000000001,60.5104,59.104099999999995,,61.803338115924035,61.05303456100773,60.35874054506517,0.7503035549163073,0.5544719386256549,0.19583161629065238
2016-05-26,62.12800000000001,60.807,60.5774,59.1454,,61.87359379039726,61.142439408340486,57.78826012017471,0.7311543820567721,0.5898084273118784,0.14134595474489364
2016-05-27,62.239,61.01149999999999,60.65200000000001,59.1887,,61.96381013033614,61.24003648920415,58.89713361570383,0.7237736411319915,0.616601470075901,0.10717217105609045
2016-05-31,62.202,61.165,60.695800000000006,59.23179999999999,,61.88322395643827,61.25484860111496,51.47094835306279,0.628375355323314,0.6189562471253837,0.009419108197930348
2016-06-01,62.150999999999996,61.339,60.727999999999994,59.2767,,61.76734334775546,61.245600556587924,49.43100879679814,0.521742791167533,0.5995135559338136,-0.07777076476628064
2016-06-02,62.083000000000006,61.528999999999996,60.7778,59.3325,,61.701598217331544,61.25259310795178,50.85203775891613,0.4490051093797618,0.5694118666230032,-0.12040675724324146
2016-06-03,61.894000000000005,61.6555,60.799,59.3725,,61.45827541466515,61.16869732217758,43.24851189651147,0.2895780924875737,0.5134451117959173,-0.22386701930834363
2016-06-06,61.63499999999999,61.645500000000006,60.79959999999999,59.3795,,61.287771504716666,61.10805307609035,44.9205603881894,0.17971842862631604,0.4466997751619971,-0.26698134653568106
2016-06-07,61.53399999999999,61.641,60.810599999999994,59.409099999999995,,61.201960503991025,61.0800491445281,47.66410312439159,0.12191135946292775,0.3817420920221833,-0.25983073255925554
2016-06-08,61.404999999999994,61.63499999999999,60.8106,59.4233,,61.26627427260779,61.12004550419269,53.50547822441119,0.14622876841509935,0.3346394273007665,-0.18841065888566716
2016-06-09,61.24399999999999,61.62949999999999,60.78139999999999,59.44610000000001,,61.22377053836044,61.110412503882124,49.30996277297477,0.11335803447831694,0.29038314873627663,-0.1770251142579597
2016-06-10,61.044999999999995,61.5865,60.7328,59.4494,,61.07703660938191,61.04815972581678,44.96999463714909,0.028876883565132516,0.23808189570204782,-0.2092050121369153
2016-06-13,60.80400000000001,61.5215,60.671400000000006,59.4574,,60.919030977169314,60.97422196834887,43.704237792563376,-0.055190991179557614,0.17942731832572675,-0.23461830950528437
2016-06-14,60.720000000000006,61.461,60.648199999999996,59.47280000000001,,60.86994928837404,60.94650182254525,47.66979803370826,-0.07655253417121344,0.12823134782633874,-0.20478388199755218
2016-06-15,60.57000000000001,61.3605,60.617200000000004,59.464,,60.679187859393416,60.848983169023384,42.044657290906244,-0.16979530962996847,0.0686260163350773,-0.23842132596504578
2016-06-16,60.407,61.24499999999999,60.580200000000005,59.451899999999995,,60.530082034871356,60.76461404539202,42.64577350752077,-0.23453201052066674,0.007994410963928486,-0.24252642148459524
2016-06-17,60.35,61.122,60.5714,59.428000000000004,,60.37930018335268,60.674642634622245,41.71389270551524,-0.29534245126956193,-0.052672961482769606,-0.24266948978679231
2016-06-20,60.44500000000001,61.04,60.5942,59.4309,,60.52094630899073,60.720965402428,53.64506450425906,-0.20001909343726965,-0.08214218787366961,-0.11787690556360003
2016-06-21,60.532000000000004,61.032999999999994,60.626599999999996,59.4335,,60.686954569146,60.786079076322224,55.33306320233339,-0.09912450717622079,-0.08553865173417985,-0.01358585544204094
2016-06-22,60.54200000000001,60.9735,60.671800000000005,59.41759999999999,,60.84588463543123,60.855258404002065,56.022901612393774,-0.009373768570831942,-0.07030567510151027,0.06093190653067833
2016-06-23,60.713,60.9785,60.716800000000006,59.421299999999995,,61.13113315305719,60.99190592963154,61.281918279083,0.13922722342564953,-0.028399095396078308,0.16762631882172785
2016-06-24,60.487,60.766,60.669799999999995,59.4002,,60.650958821817625,60.7710240089181,37.91436594864812,-0.12006518710047231,-0.04673231373695711,-0.07333287336351521
2016-06-27,60.029999999999994,60.41700000000001,60.577999999999996,59.34740000000001,,59.855426695384146,60.3790963045538,31.038674217976563,-0.5236696091696516,-0.14211977282349603,-0.3815498363461555
2016-06-28,59.57000000000001,60.145,60.4904,59.3112,,59.262284126863506,60.054718800512774,33.69997403292119,-0.792434673649268,-0.27218275298865047,-0.5202519206606175
2016-06-29,59.315999999999995,59.943,60.435199999999995,59.2967,,58.92808656888451,59.83511000047479,39.012902899343494,-0.9070234315902823,-0.39915088870897686,-0.5078725428813055
2016-06-30,59.069,59.738,60.37820000000001,59.32860000000001,,58.66838094290228,59.64287963006925,39.72868431648287,-0.974498687166971,-0.5142204484005757,-0.4602782387663953
2016-07-01,58.83399999999999,59.592,60.3212,59.3773,,58.44247618245578,59.46192558339746,39.595228126443736,-1.0194494009416815,-0.6152662389087968,-0.4041831620328846
2016-07-05,58.34400000000001,59.39450000000001,60.2404,59.4081,,58.128249077462584,59.23511628092357,36.92373051013755,-1.106867203460986,-0.7135864318192346,-0.39328077164175146
2016-07-06,57.861000000000004,59.1965,60.1716,59.4547,,57.919287680929884,59.05251507492923,38.97451306948356,-1.1332273939993485,-0.7975146242552574,-0.33571276974409103
2016-07-07,57.373000000000005,58.9575,60.0958,59.48440000000001,,57.75324342232529,58.88862506937892,39.37609900406639,-1.1353816470536273,-0.8650880288149314,-0.2702936182386959
2016-07-08,56.896,58.804500000000004,60.0428,59.5136,,57.780436741967556,58.81761580498048,45.40118935175017,-1.0371790630129212,-0.8995062356545295,-0.1376728273583917
2016-07-11,56.939,58.713,60.016999999999996,59.53190000000001,,57.88190801243409,58.78964426387081,48.00500131500998,-0.9077362514367238,-0.9011522388109684,-0.006584012625755364
2016-07-12,57.227,58.628499999999995,60.016799999999996,59.5554,,57.955460625905765,58.75781876284334,47.62135355638921,-0.8023581369375776,-0.8813934184362903,0.07903528149871264
2016-07-13,57.476,58.523,60.0192,59.58129999999999,,58.03769745268949,58.73798033596606,48.34380168223168,-0.7002828832765644,-0.8451713114043452,0.1448884281277808
2016-07-14,57.661,58.4885,60.045,59.604400000000005,,58.176513229198804,58.752944755524126,50.86992014127875,-0.5764315263253224,-0.7914233543885406,0.21499182806321826
2016-07-15,57.713,58.391000000000005,60.0494,59.62440000000001,,58.112434270860525,58.679393292151964,44.697335133263564,-0.5669590212914386,-0.7465304877691203,0.17957146647768174
2016-07-18,57.79100000000001,58.3125,60.057199999999995,59.6423,,58.092059767651214,58.62758638162219,46.01263126197471,-0.5355266139709727,-0.7043297130094908,0.1688030990385181
2016-07-19,57.91799999999999,58.13099999999999,59.9996,59.6466,,58.027127495704875,58.55665405705758,44.409827812507444,-0.5295265613527036,-0.6693690826781333,0.13984252132542974
2016-07-20,58.113,57.987,59.9576,59.6634,,58.13372326559644,58.5687537565348,50.67691478888345,-0.43503049093835955,-0.6225013643301786,0.187470873391819
2016-07-21,58.25999999999999,57.8165,59.889,59.676700000000004,,58.16084276319698,58.5495868116063,48.38318932176371,-0.38874404840931476,-0.5757499011460058,0.18700585273669101
2016-07-22,58.303,57.5995,59.8342,59.678200000000004,,58.191482338089756,58.535543344079905,48.68820300645094,-0.34406100599014877,-0.5294121221148343,0.18535111612468558
2016-07-25,58.299,57.61899999999999,59.7796,59.6854,,58.22356197838364,58.52550309637029,48.94810802775096,-0.3019411179866438,-0.48391792128919625,0.18197680330255245
2016-07-26,58.325,57.775999999999996,59.725,59.693599999999996,,58.2845524432477,58.53250286700952,50.435134668142965,-0.24795042376182153,-0.43672442178372134,0.1887739980218998
2016-07-27,58.301,57.8885,59.65379999999999,59.6987,,58.27923668274805,58.51157672871252,47.90772201721437,-0.23234004596447022,-0.39584754661987115,0.16350750065540093
2016-07-28,58.19599999999999,57.9285,59.5788,59.7076,,58.21935411617143,58.465534008067145,45.51766424766464,-0.24617989189571432,-0.3659140156750398,0.11973412377932546
2016-07-29,58.169,57.940999999999995,59.4882,59.7232,,58.107145790606594,58.3932722296918,42.95351243431218,-0.2861264390852085,-0.34995650035707354,0.06383006127186502
2016-08-01,58.215999999999994,58.003499999999995,59.41700000000001,59.74719999999999,,58.15989259205173,58.39747428675167,50.20380964597186,-0.23758169469993362,-0.3274815392256456,0.08989984452571198
2016-08-02,58.234,58.076,59.315200000000004,59.771499999999996,,58.112216808659156,58.356920635881174,46.24758737993687,-0.24470382722201833,-0.31092599682492017,0.06622216960290184
2016-08-03,58.177,58.144999999999996,59.2434,59.7833,,58.11802960732698,58.34159318137145,48.43559440555035,-0.22356357404446925,-0.29345351226883,0.06988993822436074
2016-08-04,58.223,58.241499999999995,59.1606,59.78980000000001,,58.218332744661296,58.37332701978838,52.719030045145445,-0.15499427512708053,-0.26576166484048014,0.11076738971339961
2016-08-05,58.358000000000004,58.330499999999994,59.10280000000001,59.806599999999996,,58.4478200147134,58.47233983313738,58.3659512053639,-0.024519818423982542,-0.21751329555718063,0.1929934771331981
2016-08-08,58.349000000000004,58.324,59.0238,59.800599999999996,,58.426616935526724,58.46031466031239,48.98270744221998,-0.033697724785668015,-0.18075018140287813,0.14705245661721011
2016-08-09,58.254000000000005,58.2895,58.928000000000004,59.79,,58.31021433006107,58.40177283362258,45.39024236908701,-0.09155850356150808,-0.16291184583460414,0.07135334227309606
2016-08-10,58.182,58.241499999999995,58.849799999999995,59.772800000000004,,58.19018135620552,58.337197068169054,44.61932905079775,-0.14701571196353314,-0.15973261906038996,0.012716907096856828
2016-08-11,58.12600000000001,58.161,58.7738,59.7509,,58.05784576294313,58.2625898779343,43.483140030001806,-0.20474411499117195,-0.16873491824654635,-0.036009196744625604
2016-08-12,58.197,58.18299999999999,58.711000000000006,59.744400000000006,,58.07971564556726,58.25795359067991,49.50647707672995,-0.1782379451126488,-0.17063552361976686,-0.007602421492881928
2016-08-15,58.14,58.178,58.666199999999996,59.732600000000005,,58.04899016163384,58.22995702840733,47.50117899244244,-0.18096686677348828,-0.17270179225051116,-0.008265074522977117
2016-08-16,58.085,58.1595,58.6052,59.702400000000004,,57.933760905997865,58.16107132259937,44.020718252700455,-0.22731041660150453,-0.18362351712070984,-0.04368689948079468
2016-08-17,57.970000000000006,58.0735,58.53060000000001,59.67060000000001,,57.79010538199819,58.07506603944386,42.29450578421203,-0.2849606574456729,-0.20389094518570244,-0.08106971225997045
2016-08-18,57.787,58.00500000000001,58.437,59.6238,,57.65931993861385,57.99098707355913,41.94027760671761,-0.33166713494528466,-0.2294461831376189,-0.10222095180766577
2016-08-19,57.529999999999994,57.943999999999996,58.36,59.57070000000001,,57.57942456344249,57.92795099403624,43.63489969550882,-0.34852643059375055,-0.25326223262884523,-0.09526419796490532
2016-08-22,57.473,57.911,58.309400000000004,59.521100000000004,,57.60412847675903,57.914028698181696,48.49201493065358,-0.3099002214226658,-0.26458983038760936,-0.04531039103505646
2016-08-23,57.520999999999994,57.8875,58.27139999999999,59.471399999999996,,57.688108711103794,57.93150805387194,51.563564896793594,-0.2433993427681429,-0.2603517328637161,0.0169523900955732
2016-08-24,57.535000000000004,57.85850000000001,58.212799999999994,59.4305,,57.685322755549365,57.912137086918456,47.95790090020909,-0.22681433136909135,-0.2536442525647912,0.026829921195699824
2016-08-25,57.55899999999999,57.84250000000001,58.1716,59.3944,,57.66758079315716,57.88679359899857,47.2171275875614,-0.21921280584141556,-0.24675796322011606,0.027545157378700502
2016-08-26,57.525999999999996,57.8615,58.1348,59.3575,,57.698722209594514,57.885549628702385,49.72597779746137,-0.18682741910787115,-0.2347718543976671,0.047944435289795945
2016-08-29,57.523,57.831500000000005,58.1008,59.336099999999995,,57.72199571581074,57.88291632287258,49.55686403465093,-0.16092060706183986,-0.22000160493050167,0.059080997868661805
2016-08-30,57.58399999999999,57.83449999999999,58.033,59.313599999999994,,57.750919451839856,57.88492252117832,50.1050877547003,-0.13400306933846196,-0.20280189781209373,0.06879882847363178
2016-08-31,57.628,57.799,57.9498,59.2882,,57.70308569001834,57.85196529738733,45.897119407742295,-0.14887960736898975,-0.19201743972347296,0.04313783235448321
2016-09-01,57.693000000000005,57.74000000000001,57.8672,59.26950000000001,,57.68568789155398,57.832560460543824,47.41497619368281,-0.14687256898984202,-0.18298846557674678,0.036115896586904755
2016-09-02,57.815,57.6725,57.7804,59.248599999999996,,57.78942821593029,57.8716300560591,54.47553969280117,-0.08220184012880338,-0.1628311404871581,0.08062930035835472
2016-09-06,57.907000000000004,57.69000000000001,57.7934,59.2316,,57.923362336556394,57.93002782968435,56.90346252952184,-0.006665493127954392,-0.13159801101531737,0.12493251788736298
2016-09-07,57.93000000000001,57.7255,57.851400000000005,59.2147,,57.99361428477849,57.96335910155958,54.00830574401683,0.0302551832189053,-0.09922737216847284,0.12948255538737813
2016-09-08,57.778999999999996,57.657000000000004,57.8546,59.1725,,57.71151977942795,57.8297769458885,37.65158382949324,-0.11825716646054474,-0.10303333102688722,-0.015223835433657518
2016-09-09,57.545,57.552,57.8174,59.1263,,57.3297475056698,57.637200875822685,33.12558964420249,-0.307453370152885,-0.1439173388520868,-0.1635360313007982
2016-09-12,57.398,57.462,57.800599999999996,59.0894,,57.18670942787445,57.54555636650249,42.4915070813677,-0.35884693862804085,-0.18690325880727762,-0.17194367982076322
2016-09-13,57.113,57.318,57.7566,59.038900000000005,,56.850292592816835,57.356996635650454,35.99526004119129,-0.5067040428336185,-0.25086341561254577,-0.2558406272210727
2016-09-14,56.725,57.1545,57.7092,58.974799999999995,,56.416401424691166,57.11055244041709,32.30956125456419,-0.6941510157259216,-0.33952093563522096,-0.3546300800907007
2016-09-15,56.391,57.0095,57.6558,58.9137,59.04855,56.06003197473868,56.88754855594175,32.843966302444585,-0.8275165812030707,-0.43712006474879095,-0.39039651645427975
2016-09-16,55.964,56.8285,57.5854,58.840599999999995,58.98915,55.63848859400965,56.62328569994606,30.001666721372658,-0.9847971059364085,-0.5466554729863145,-0.438141632950094
2016-09-19,55.461,56.638,57.4934,58.7681,58.9356,55.283336502623555,56.379338611061165,30.085202675403167,-1.0960021084376095,-0.6565248000765735,-0.43947730836103593
2016-09-20,54.891,56.399,57.3838,58.7004,58.89205,54.92590011760455,56.126054269501076,28.71952143462906,-1.2001541518965269,-0.7652506704405643,-0.4349034814559626
2016-09-21,54.398,56.164,57.2856,58.65120000000001,58.8445,54.69883856105,55.92782802731581,33.05365520691562,-1.2289894662658085,-0.8579984296056131,-0.3709910366601954
2016-09-22,54.202999999999996,55.991,57.2,58.6096,58.80555,54.623632628580765,55.8005815067739,39.226019917624065,-1.1769488781931372,-0.9217885193231179,-0.2551603588700193
2016-09-23,54.121,55.83299999999999,57.109399999999994,58.577200000000005,58.76755,54.590766070337565,55.6975754692351,40.77355832893165,-1.106809398897532,-0.9587926952380007,-0.14801670365953135
2016-09-26,53.896,55.647000000000006,57.037200000000006,58.5433,58.73665000000001,54.522955905670244,55.58294024929176,39.37004136877038,-1.0599843436215153,-0.9790310249147036,-0.08095331870681166
2016-09-27,53.836,55.4745,56.9656,58.511399999999995,58.7068,54.5040396124902,55.495315045640524,41.45677510377945,-0.9912754331503209,-0.9814799065618272,-0.009795526588493697
2016-09-28,53.922000000000004,55.3235,56.91,58.4548,58.689750000000004,54.563418133645555,55.450476894111596,45.4217473125066,-0.88705876046604,-0.9625956773426698,0.07553691687662978
2016-09-29,54.012,55.201499999999996,56.83559999999999,58.3966,58.66595,54.63058457462316,55.41710823528852,46.30099459725717,-0.7865236606653596,-0.9273812740072078,0.1408576133418482
2016-09-30,53.451,54.707499999999996,56.623599999999996,58.2563,58.60195000000001,53.56587925545037,54.84621132897085,21.537651362982288,-1.2803320735204835,-0.9979714339098631,-0.2823606396106204
2016-10-03,53.157999999999994,54.3095,56.464400000000005,58.1493,58.541850000000004,53.078820908458006,54.51686234163968,35.29059853751605,-1.4380414331816738,-1.0859854337642254,-0.35205599941744836
2016-10-04,52.871,53.88099999999999,56.29820000000001,58.03889999999999,58.4902,52.61900230715678,54.18894661262933,34.539249956515704,-1.5699443054725535,-1.1827772081058912,-0.3871670973666623
2016-10-05,52.616,53.507000000000005,56.1438,57.934400000000004,58.4504,52.35454041374804,53.945320937619755,38.239260344032985,-1.5907805238717145,-1.2643778712590559,-0.32640265261265866
2016-10-06,52.315999999999995,53.2595,56.003,57.8284,58.40774999999999,52.17845727317142,53.74270457187015,39.645290035220704,-1.5642472986987315,-1.324351756746991,-0.23989554195174057
2016-10-07,51.910000000000004,53.015499999999996,55.852199999999996,57.7155,58.358999999999995,51.89715615422197,53.49139312210199,37.120543579071736,-1.594236967880022,-1.378328798973597,-0.21590816890642484
2016-10-10,51.54,52.717999999999996,55.711400000000005,57.599799999999995,58.30925,51.674516745880126,53.26610474268703,37.618018929468086,-1.5915879968069007,-1.4209806385402577,-0.17060735826664297
2016-10-11,51.089,52.4625,55.5402,57.4786,58.255050000000004,51.399975708052416,53.0160229098954,35.90489357751548,-1.6160472018429815,-1.4599939512008024,-0.156053250642179
2016-10-12,50.598,52.260000000000005,55.382799999999996,57.349000000000004,58.20245,51.18151790681358,52.79113232397722,36.40613574897221,-1.609614417163641,-1.4899180443933702,-0.1196963727702709
2016-10-13,50.223,52.11749999999999,55.2448,57.24410000000001,58.15165,51.192053613457645,52.67697437405299,43.16097814049043,-1.4849207605953438,-1.488918587633765,0.003997827038421109
2016-10-14,50.486000000000004,51.968500000000006,55.0762,57.118399999999994,58.09835,51.06096844215647,52.50386516116018,39.89133099783008,-1.4428967190037056,-1.479714213907753,0.0368174949040474
2016-10-17,50.456,51.806999999999995,54.88399999999999,56.9934,58.04875,50.91312714336317,52.32580107514831,39.0511024373223,-1.4126739317851431,-1.4663061574832312,0.05363222569808812
2016-10-18,50.469,51.67,54.722199999999994,56.873000000000005,58.0092,50.80649219823038,52.16981581032251,39.734607272911944,-1.363323612092131,-1.4457096484050111,0.0823860363128801
2016-10-19,50.418,51.516999999999996,54.5766,56.7523,57.9705,50.742416475425706,52.03797760215048,40.74835181966286,-1.2955611267247704,-1.415679944068963,0.1201188173441925
2016-10-20,50.305,51.310500000000005,54.427600000000005,56.6387,57.93525,50.64050624843714,51.89294222421341,39.44532447787869,-1.2524359757762653,-1.3830311504104236,0.13059517463415826
2016-10-21,50.241,51.0755,54.275200000000005,56.524499999999996,57.9006,50.49735144098528,51.7312428001976,37.88803180433549,-1.233891359212322,-1.3532031921708034,0.11931183295848147
2016-10-24,50.241,50.8905,54.1202,56.415600000000005,57.87405,50.49006660391062,51.636335926108885,42.75570690735496,-1.1462693221982647,-1.3118164181762957,0.16554709597803097
2016-10-25,50.316,50.7025,53.9754,56.3208,57.84665,50.51313328023206,51.56253326491563,43.96986304740631,-1.0493999846835678,-1.25933313147775,0.2099331467941823
2016-10-26,50.405,50.50150000000001,53.8468,56.22599999999999,57.80275,50.568035852504046,51.51123450455151,45.47743328422593,-0.9431986520474638,-1.1961062355916927,0.25290758354422893
2016-10-27,50.41,50.3165,53.7328,56.1317,57.7704,50.68064572134958,51.495587504214356,48.27928834566767,-0.8149417828647785,-1.1198733450463099,0.3049315621815314
2016-10-28,50.533,50.5095,53.6254,56.0312,57.72725,50.81746945652657,51.50109954093922,50.01620350169189,-0.6836300844126555,-1.032624692919579,0.34899460850692354
2016-10-31,50.658,50.557,53.5096,55.934799999999996,57.69045,50.89939723244555,51.48990698235113,48.58449243212131,-0.5905097499055785,-0.944201704316779,0.3536919544112005
2016-11-01,50.786,50.627500000000005,53.3848,55.8471,57.64825,50.99179765822316,51.490654613288086,49.642913596489656,-0.4988569550649231,-0.8551327544664078,0.3562757994014847
2016-11-02,50.888,50.653000000000006,53.25,55.7607,57.609049999999996,51.05613648003498,51.48468019748897,48.99125683929616,-0.4285437174539908,-0.7698149470639244,0.3412712296099336
2016-11-03,51.045,50.675,53.1296,55.6712,57.571999999999996,51.147500098491136,51.49692610878608,50.84431400431333,-0.34942601029494114,-0.6857371597101277,0.3363111494151866
2016-11-04,51.282000000000004,50.7615,53.0198,55.59570000000001,57.529849999999996,51.29096162180019,51.540116767394515,54.06417838776096,-0.2491551455943224,-0.5984207568869667,0.34926561129264433
2016-11-07,51.712,50.9765,52.9574,55.5461,57.498999999999995,51.823121372292476,51.777885895735665,68.05614216999442,0.045235476556811705,-0.4696895101982111,0.5149249867550227
2016-11-08,52.137,51.2265,52.8982,55.4995,57.46375,52.294948853478246,52.008412866421914,68.59628628772664,0.28653598705633243,-0.3184444107473024,0.6049803978036348
2016-11-09,52.351,51.378,52.8002,55.416599999999995,57.42375,52.40495672217391,52.08260450594622,55.1181107898697,0.32235221622768506,-0.19028508535230493,0.51263730157999
2016-11-10,52.602,51.50600000000001,52.727599999999995,55.338699999999996,57.386100000000006,52.62111722645484,52.21055972772798,58.82555855024392,0.41055749872685965,-0.07011656853647202,0.4806740672633317
2016-11-11,52.839999999999996,51.6865,52.6548,55.261,57.339299999999994,52.82556073007717,52.33940715530368,59.45672723916662,0.4861535747734891,0.04113746012552019,0.44501611464796886
2016-11-14,53.1,51.879,52.5666,55.173500000000004,57.297399999999996,52.99855138698838,52.458710328984886,59.45672723916662,0.5398410580034962,0.1408781797011154,0.39896287830238086
2016-11-15,53.367,52.076499999999996,52.476800000000004,55.1351,57.26765,53.178774250528626,52.585472526837854,60.55860645845458,0.5933017236907716,0.23136288849904668,0.36193883519172493
2016-11-16,53.759,52.3235,52.4158,55.133599999999994,57.240500000000004,53.509732058139605,52.7887708581832,65.83162718404026,0.7209611999564061,0.3292825507905186,0.39167864916588746
2016-11-17,54.232000000000006,52.6385,52.4202,55.1374,57.22429999999999,53.95131174150274,53.05478783165111,69.77115983922472,0.8965239098516307,0.442730822602741,0.45379308724888967
2016-11-18,54.581,52.93150000000001,52.42700000000001,55.12219999999999,57.209450000000004,54.20034070434847,53.2410998441214,63.672265448882726,0.9592408602270694,0.5460328301276067,0.4132080300994627
2016-11-21,54.61600000000001,53.164,52.401,55.1008,57.21469999999999,54.3387498267564,53.37879615196426,60.37445336773572,0.9599536747921391,0.6288169990605132,0.33113667573162586
2016-11-22,54.44500000000001,53.291,52.3646,55.0606,57.21894999999999,54.16048062264002,53.36407051107802,49.170563273510574,0.7964101115620039,0.6623356215608114,0.13407449000119254
2016-11-23,54.33,53.3405,52.3212,55.01520000000001,57.21165,53.806560526849246,53.252657880627794,43.23083427294194,0.5539026462214522,0.6406490264929396,-0.0867463802714874
2016-11-25,54.274,53.438,52.3042,54.98,57.217349999999996,53.7209358304109,53.25246100058129,50.07062937006438,0.46847482982961,0.6062141871602738,-0.13773935733066378
2016-11-28,54.574,53.706999999999994,52.376799999999996,54.9811,57.23275,54.21771493342461,53.52635277831601,62.8883861715711,0.6913621551085996,0.6232437807499389,0.06811837435866064
2016-11-29,54.742000000000004,53.92100000000001,52.422799999999995,54.9581,57.23585,54.43498955905159,53.682178498440756,57.24250827292495,0.7528110606108314,0.6491572367221174,0.10365382388871391
2016-11-30,54.833000000000006,54.1,52.465199999999996,54.924499999999995,57.228199999999994,54.53422193458211,53.785720831889584,55.02583779759903,0.7485011026925292,0.6690260099161999,0.07947509277632936
2016-12-01,54.708000000000006,54.23350000000001,52.477799999999995,54.8817,57.21854999999999,54.464341636954096,53.80751928878665,51.14763900851122,0.6568223481674451,0.6665852775664489,-0.009762929399003806
2016-12-02,54.472,54.352,52.474,54.83700000000001,57.20915,54.39598138511501,53.82325860072838,50.91576524450833,0.5727227843866274,0.6478127789304846,-0.07508999454385723
2016-12-05,54.391000000000005,54.486000000000004,52.481,54.795199999999994,57.1998,54.45198424894347,53.892646852526276,53.70342664242057,0.5593373964171917,0.630117702427826,-0.07078030601063434
2016-12-06,54.411,54.5135,52.504,54.770599999999995,57.1975,54.58244821064447,53.996895233820624,55.68144497437701,0.5855529768238483,0.6212047573070305,-0.03565178048318218
2016-12-07,54.803,54.624,52.558,54.7618,57.20205,54.96976387054532,54.226754846130206,61.574781471161224,0.743009024415116,0.6455656107286476,0.09744341368646836
2016-12-08,55.234,54.782000000000004,52.583600000000004,54.7468,57.1967,55.15441558276912,54.37069893160204,57.33275308216293,0.7837166511670759,0.6731958188163334,0.1105208323507425
2016-12-09,55.492999999999995,54.883500000000005,52.6004,54.718,57.19070000000001,55.25989010849695,54.47953604777967,55.86212182045841,0.7803540607172792,0.6946274671965226,0.08572659352075662
2016-12-12,55.387,54.98049999999999,52.763999999999996,54.6938,57.185249999999996,55.35683009180511,54.58401485905525,56.04608854401987,0.7728152327498563,0.7102650203071894,0.0625502124426669
2016-12-13,55.492999999999995,55.11749999999999,52.889799999999994,54.6771,57.17765,55.56193315460432,54.74001375838449,58.9912494400757,0.8219193962198261,0.7325958954897168,0.0893235007301093
2016-12-14,55.61900000000001,55.22600000000001,53.014799999999994,54.65650000000001,57.170950000000005,55.68163574620365,54.85853125776342,57.18589225399515,0.8231044884402365,0.7506976140798208,0.07240687436041571
2016-12-15,55.891,55.2995,53.1328,54.6383,57.16595,55.85369178524924,55.00234375718835,58.96343877514655,0.8513480280608903,0.7708276968760348,0.08052033118485546
2016-12-16,56.114999999999995,55.29350000000001,53.2338,54.6184,57.15855,55.91620074136475,55.0955034788781,56.022942683079435,0.8206972624866467,0.7808016099981572,0.039895652488489475
2016-12-19,56.30800000000001,55.3495,53.360600000000005,54.6064,57.157,56.03524678115478,55.21361433229453,57.826527391841054,0.8216324488602496,0.7889677777705757,0.03266467108967386
2016-12-20,56.42,55.415499999999994,53.48,54.595699999999994,57.15945000000001,56.094439584054044,55.30297623360605,56.266122307016936,0.7914633504479909,0.7894668923060588,0.001996458141932056
2016-12-21,56.338,55.570499999999996,53.6078,54.574000000000005,57.160599999999995,56.12298734035342,55.37534836445005,55.430882864612144,0.7476389759033708,0.7811013090255212,-0.03346233312215041
2016-12-22,56.366,55.8,53.7372,54.56,57.165749999999996,56.17329698029904,55.4549521893056,56.279582237089336,0.7183447909934415,0.7685500054191053,-0.050205214425663836
2016-12-23,56.431,55.962,53.842,54.5434,57.16335,56.22202052179149,55.53162239750519,56.48952909855109,0.690398124286304,0.7529196291925451,-0.06252150490624109
2016-12-27,56.504,55.9455,53.967600000000004,54.521899999999995,57.15585,56.28324813382357,55.61224296065295,57.20872687446932,0.6710051731706201,0.7365367379881601,-0.06553156481753997
2016-12-28,56.45,55.971500000000006,54.0886,54.4863,57.14645,56.262748420927636,55.6520768154194,53.74958139405921,0.6106716055082373,0.7113637114921756,-0.1006921059839383
2016-12-29,56.434000000000005,56.0265,54.207800000000006,54.465,57.1328,56.25001789463108,55.69118223649944,53.94101974428778,0.5588356581316347,0.6808581008200674,-0.12202244268843265
2016-12-30,56.357000000000006,56.124,54.32059999999999,54.448600000000006,57.119299999999996,56.21616898776476,55.7162798486106,52.765001875066986,0.49988913915416333,0.6446643084868866,-0.14477516933272327
2017-01-03,56.383,56.249,54.4494,54.4385,57.10565,56.26291222041634,55.77581467463944,56.12976311185013,0.4870975457768978,0.6131509559448889,-0.1260534101679911
2017-01-04,56.446000000000005,56.376999999999995,54.6016,54.438399999999994,57.09465,56.42554110958306,55.890198772814294,61.012809801059525,0.535342336768764,0.5975892321096639,-0.06224689534089989
2017-01-05,56.513,56.46650000000001,54.73440000000001,54.427299999999995,57.08585,56.527765554262594,55.97907293779102,58.98021965709388,0.5486926164715769,0.5878099089820465,-0.03911729251046969
2017-01-06,56.672000000000004,56.504999999999995,54.879000000000005,54.42719999999999,57.07990000000001,56.73426316129912,56.11914160906576,63.42969515993719,0.6151215522333615,0.5932722376323095,0.021849314601051995
2017-01-09,56.685,56.5255,54.993199999999995,54.42,57.0612,56.7105303672531,56.15327926765348,53.15955010873245,0.5572510995996183,0.5860680100257714,-0.028816910426153086
2017-01-10,56.702,56.5665,55.1004,54.416599999999995,57.043600000000005,56.70275646459878,56.190814136716185,53.66064377035088,0.5119423278825934,0.5712428735971358,-0.05930054571454235
2017-01-11,56.741,56.6225,55.2092,54.4173,57.02055,56.75002470081435,56.251494571033504,55.884232341361034,0.4985301297808462,0.5567003248338779,-0.05817019505303167
2017-01-12,56.825,56.6375,55.321999999999996,54.4158,56.993249999999996,56.78694397761214,56.30619867688288,55.719696765306786,0.4807453007292608,0.5415093200129545,-0.06076401928369368
2017-01-13,56.859,56.64649999999999,55.422399999999996,54.4036,56.96235000000001,56.74587567336412,56.32203581192859,51.85584225862871,0.42383986143552477,0.5179754282974686,-0.0941355668619438
2017-01-17,56.914,56.6355,55.52580000000001,54.3879,56.92965,56.72035633900041,56.341144270304255,52.31048784155179,0.3792120686961553,0.4902227563772059,-0.1110106876810506
2017-01-18,56.998000000000005,56.6905,55.64,54.384800000000006,56.90765,56.81876305607727,56.416615065096536,57.87919161235109,0.40214799098073684,0.47260780329791213,-0.0704598123171753
2017-01-19,56.931000000000004,56.6885,55.7314,54.375600000000006,56.885,56.79279950898846,56.43390283805235,51.93442273905272,0.35889667093611166,0.44986557682555206,-0.0909689058894404
2017-01-20,56.907000000000004,56.71,55.7734,54.3654,56.86145,56.801599584528695,56.46472485004847,53.38679456899026,0.33687473448022587,0.42726740835648686,-0.09039267387626099
2017-01-23,56.737,56.70450000000001,55.799,54.348600000000005,56.842349999999996,56.704430417678125,56.44289337967451,48.068550317916596,0.26153703800361683,0.3941213342859129,-0.13258429628229607
2017-01-24,56.739999999999995,56.7125,55.871,54.33560000000001,56.824600000000004,56.689902661112264,56.45527164784677,51.43945471328114,0.23463101326549207,0.36222327008182875,-0.12759225681633668
2017-01-25,56.82899999999999,56.765499999999996,55.9458,54.3367,56.81245,56.82222532863346,56.53636263689516,57.74918683141318,0.2858626917382949,0.346951154413122,-0.06108846267482709
2017-01-26,56.754999999999995,56.74799999999999,55.9922,54.323499999999996,56.796499999999995,56.73726758576677,56.516632071199226,48.50657387892744,0.22063551456754738,0.32168802644400707,-0.1010525118764597
2017-01-27,56.669000000000004,56.747,56.0358,54.3012,56.77490000000001,56.64384180334112,56.4879926585178,47.609059844833624,0.15584914482332124,0.2885202501198699,-0.13267110529654869
2017-01-30,56.383,56.621,56.025600000000004,54.2512,56.741400000000006,56.18478921821171,56.278511720849814,35.2253753640006,-0.09372250263810145,0.21207169956827568,-0.3057942022063771
2017-01-31,55.983999999999995,56.449,55.9708,54.1933,56.70400000000001,55.63174472310222,56.005288630416494,31.41342630153538,-0.37354390731427145,0.09494857819176626,-0.4684924855060377
2017-02-01,55.49300000000001,56.24550000000001,55.8922,54.1562,56.66434999999999,55.14224553493265,55.74193391705231,30.941620308764584,-0.599688382119659,-0.0439788138705188,-0.5557095682491402
2017-02-02,54.996,55.96350000000001,55.8144,54.1207,56.62350000000001,54.60959237571224,55.44104992319658,28.413914176292337,-0.8314575474843409,-0.20147456059328323,-0.6299829868910576
2017-02-03,54.561,55.734,55.7624,54.0817,56.585550000000005,54.28503970252574,55.223194373330166,34.54624927078652,-0.9381546708044297,-0.34881058263551257,-0.5893440881689171
2017-02-06,54.220000000000006,55.47850000000001,55.754000000000005,54.0593,56.549099999999996,54.05041820982947,55.04073553086127,36.40642794260099,-0.9903173210317959,-0.4771119303147693,-0.5132053907170266
2017-02-07,53.938,55.339,55.7926,54.056900000000006,56.51585,54.010353869855706,54.948088454501175,43.28314030687781,-0.9377345846454688,-0.5692364611809092,-0.36849812346455957
2017-02-08,53.82800000000001,55.328500000000005,55.8566,54.0804,56.49705,54.385684043724055,55.05934116157516,56.39659544513749,-0.673657117851107,-0.5901205925149487,-0.0835365253361583
2017-02-09,54.001,55.37800000000001,55.8776,54.1272,56.483900000000006,54.94173265238189,55.277167742199225,61.92144173449106,-0.33543508981733794,-0.5391834919754266,0.20374840215808865
2017-02-10,54.128,55.3985,55.913000000000004,54.1679,56.468,55.319927628938515,55.4344145761104,58.81480348366005,-0.11448694717188346,-0.454244183014718,0.3397572358428345
2017-02-13,54.525999999999996,55.45450000000001,55.9642,54.2147,56.45755,55.67686183987105,55.597791274176295,59.68606688504543,0.07907056569475657,-0.3475812332728231,0.42665179896757965
2017-02-14,55.003,55.4935,56.0298,54.25379999999999,56.4525,55.93580617219858,55.72832525386694,58.14074001248029,0.2074809183316404,-0.2365688029519304,0.4440497212835708
2017-02-15,55.571000000000005,55.532000000000004,56.11200000000001,54.293,56.4513,56.2733744533988,55.90622708691384,61.12180131959538,0.36714736648496427,-0.11582556906455148,0.48297293554951576
2017-02-16,56.213,55.604499999999994,56.1788,54.329899999999995,56.45354999999999,56.554393768260525,56.06872878417948,60.93970761128983,0.48566498408104763,0.004472541564568347,0.4811924425164793
2017-02-17,56.759,55.660000000000004,56.232000000000006,54.368,56.455650000000006,56.77064088083583,56.208822948314335,60.04075580293083,0.5618179325214925,0.11594161975595318,0.4458763127655393
2017-02-21,57.345000000000006,55.78249999999999,56.2624,54.4102,56.4608,57.055157668399545,56.387428655846605,62.82488239599179,0.6677290125529396,0.22629909831535047,0.44142991423758915
2017-02-22,57.84100000000001,55.8895,56.31399999999999,54.4488,56.45179999999999,57.31590264249192,56.56243394059871,63.36630519100909,0.7534687018932118,0.3317330190309228,0.421735682862289
2017-02-23,58.111000000000004,55.969500000000004,56.3802,54.4903,56.443450000000006,57.59807146672394,56.75410550055436,65.05284773144098,0.8439659661695771,0.43417960845865367,0.4097863577109234
2017-02-24,58.261,56.13100000000001,56.452400000000004,54.6082,56.43225,57.890675856458714,56.95750509310589,66.50588842146064,0.9331707633528268,0.5339778394374883,0.39919292391533845
2017-02-27,58.479000000000006,56.3035,56.510200000000005,54.7,56.42465,58.15057187854199,57.15176397509804,66.84521573304329,0.9988079034439465,0.62694385223878,0.3718640512051665
2017-02-28,58.64200000000001,56.58399999999999,56.5688,54.7918,56.41535,58.32279158953553,57.308670347313004,64.13381434511912,1.0141212422225223,0.7043793302355286,0.30974191198699375
2017-03-01,58.931000000000004,56.967,56.6378,54.8853,56.40985,58.61928519114545,57.52654661788241,68.48572411746338,1.0927385732630412,0.7820511788410311,0.3106873944220101
2017-03-02,59.135000000000005,57.352999999999994,56.716,54.9749,56.40165,58.8578567002,57.72235797952075,67.76289566173782,1.1354987206792515,0.8527406872086752,0.28275803347057626
2017-03-03,59.313,57.763,56.7798,55.07020000000001,56.392849999999996,59.015109515553846,57.88218331437106,65.08135450760051,1.1329262011827836,0.908777790003497,0.22414841117928663
2017-03-06,59.4,58.079499999999996,56.828,55.154,56.376900000000006,58.986631128545554,57.95239195775098,56.38161920410654,1.0342391707945708,0.9338700661617119,0.10036910463285897
2017-03-07,59.322,58.333499999999994,56.8592,55.23350000000001,56.35605,58.810226339538545,57.94406662754721,49.64344893752186,0.8661597119913367,0.9203279953276369,-0.054168283336300194
2017-03-08,59.196000000000005,58.518499999999996,56.88,55.3086,56.3288,58.60711459499416,57.91043206254371,47.482923326537204,0.6966825324504455,0.8755989027521986,-0.1789163703017531
2017-03-09,59.048,58.579499999999996,56.903600000000004,55.3728,56.30845,58.46294311884121,57.89262228013307,48.71899358453191,0.5703208387081418,0.8145432899433873,-0.24422245123524555
2017-03-10,58.972,58.616499999999995,56.946,55.4568,56.287600000000005,58.5055672544041,57.95539100012321,55.43394347316682,0.5501762542808919,0.7616698828108883,-0.21149362852999642
2017-03-13,58.939,58.709,57.008,55.5483,56.27085,58.620095369111155,58.05128796307704,58.24073504394515,0.568807406034118,0.7230973874555343,-0.15428998142141637
2017-03-14,58.928,58.785000000000004,57.0676,55.637699999999995,56.25535,58.70315762001713,58.13341478062688,57.551888392191074,0.5697428393902513,0.6924264778424778,-0.12268363845222652
2017-03-15,58.82899999999999,58.88000000000001,57.132200000000005,55.726400000000005,56.23935,58.78882567847604,58.21686553761748,58.14425820861049,0.5719601408585575,0.6683332104456938,-0.09637306958713632
2017-03-16,58.753,58.943999999999996,57.19,55.819700000000005,56.2292,58.88439095871049,58.305245868164334,59.067008050303436,0.5791450905461559,0.6504955864657863,-0.07135049591963039
2017-03-17,58.621,58.967,57.2148,55.90820000000001,56.21634999999999,58.83448465737041,58.324116544596606,52.06266111772262,0.5103681127738042,0.6224700917273899,-0.11210197895358565
2017-03-20,58.636,59.017999999999994,57.252599999999994,55.9935,56.20455,58.85687163315958,58.372700504256116,54.908019867852126,0.48417112890346203,0.5948102991626043,-0.11063917025914227
2017-03-21,58.705,59.0135,57.2658,56.072399999999995,56.1966,58.806583689596565,58.38435231875567,51.388549024804924,0.42223137084089757,0.560294513498263,-0.1380631426573654
2017-03-22,58.902,59.049,57.3234,56.1583,56.19215,58.90710927581248,58.46402992477377,57.45757442867765,0.4430793510387119,0.5368514810063528,-0.09377212996764095
2017-03-23,59.011,59.0295,57.3654,56.2329,56.182300000000005,58.88447707953364,58.485953634049785,52.17724199564584,0.3985234454838533,0.509185873901853,-0.11066242841799967
2017-03-24,58.999,58.9855,57.397600000000004,56.3034,56.1673,58.843788298066926,58.495882994490536,51.16450326772949,0.3479053035763897,0.47692975983676034,-0.12902445626037062
2017-03-27,58.94499999999999,58.94200000000001,57.43200000000001,56.376999999999995,56.1559,58.8232054829797,58.51174351341716,51.81202468132056,0.3114619695625436,0.443836201781917,-0.13237423221937344
2017-03-28,58.93300000000001,58.93050000000001,57.482400000000005,56.4524,56.14975,58.85655848559821,58.55087362353441,54.20947838897284,0.3056848620637993,0.4162059338382935,-0.11052107177449422
2017-03-29,58.915,58.872,57.532399999999996,56.5291,56.1449,58.89093410319849,58.590068169939265,54.50494369491931,0.3008659332592245,0.39313793372247974,-0.09227200046325523
2017-03-30,58.898,58.8255,57.57,56.605,56.138099999999994,58.94463654886026,58.63821126846228,55.735306071158604,0.3064252803979812,0.3757954030575801,-0.06937012265959885
2017-03-31,58.99399999999999,58.80749999999999,57.627399999999994,56.679399999999994,56.137550000000005,59.03315400288176,58.70352895227989,57.88194910976655,0.3296250506018694,0.36656133256643797,-0.03693628196456855
2017-04-03,58.92099999999999,58.778499999999994,57.6554,56.7144,56.13025,58.912668771669175,58.66993421507397,46.796648175139694,0.24273455659520238,0.34179597737219086,-0.09906142077698848
2017-04-04,58.888999999999996,58.797000000000004,57.6962,56.747600000000006,56.12355,58.80456588372007,58.635865013957385,46.49461962820546,0.16870086976268794,0.3071769558502903,-0.13847608608760237
2017-04-05,58.749,58.8255,57.725199999999994,56.798100000000005,56.107350000000004,58.69001728622468,58.59320834625684,45.31354527548272,0.09680893996784334,0.2651033526738009,-0.16829441270595757
2017-04-06,58.687,58.849000000000004,57.73700000000001,56.84139999999999,56.09005,58.60539924219012,58.559637357645215,46.09995179385429,0.04576188454490193,0.22123505904802113,-0.1754731745031192
2017-04-07,58.66799999999999,58.8335,57.78020000000001,56.8862,56.0736,58.57841474339163,58.55003459041223,48.96497635780771,0.028380152979401885,0.18266407783429728,-0.1542839248548954
2017-04-10,58.694,58.81949999999999,57.836999999999996,56.936400000000006,56.05495,58.638658629023695,58.58114313927058,53.88085229867156,0.057515489753114935,0.15763436021806082,-0.10011887046494589
2017-04-11,58.678,58.805499999999995,57.941399999999994,56.98350000000001,56.0593,58.67578807071236,58.6032806845098,52.96514600148075,0.07250738620255959,0.1406089654149606,-0.06810157921240101
2017-04-12,58.636,58.7755,58.06280000000001,57.0168,56.0752,58.6733591367566,58.60748211528685,50.69701073516255,0.0658770214697526,0.125662576625919,-0.0597855551561664
2017-04-13,58.547000000000004,58.722500000000004,58.1808,57.0365,56.08695000000001,58.62361157725559,58.588409366006346,47.60356867990719,0.035202211249242055,0.10757050355058363,-0.07236829230134158
2017-04-17,58.46500000000001,58.72950000000001,58.3212,57.067800000000005,56.095,58.635363642293186,58.59667533889476,51.22242136546313,0.03868830339842333,0.09379406352015157,-0.05510576012172824
2017-04-18,58.42700000000001,58.674,58.428599999999996,57.0955,56.098150000000004,58.517615389632695,58.542847536013674,43.54219161491484,-0.02523214638097926,0.06998882153992542,-0.09522096792090468
2017-04-19,58.403,58.646,58.532799999999995,57.14339999999999,56.102,58.43336686815074,58.50041438519785,44.6195913260836,-0.06704751704710787,0.04258155382251876,-0.10962907086962664
2017-04-20,58.375,58.562,58.61259999999999,57.202600000000004,56.108900000000006,58.332848888435244,58.447050356664676,42.94279084675558,-0.11420146822943167,0.011224949412128676,-0.12542641764156034
2017-04-21,58.34599999999999,58.51650000000001,58.640600000000006,57.248599999999996,56.1143,58.25856444406059,58.40282440431914,43.78102974477169,-0.1442599602585517,-0.0198720325220074,-0.12438792773654431
2017-04-24,58.39200000000001,58.529999999999994,58.6584,57.268,56.12455,58.355708375743575,58.43891148548069,54.48074884846643,-0.08320310973711287,-0.032538247965028494,-0.050664861772084374
2017-04-25,58.403999999999996,58.549,58.6922,57.302600000000005,56.13035,58.468676317936875,58.487140264333966,56.20689119057414,-0.018463946397091036,-0.029723387651441002,0.011259441254349967
2017-04-26,58.458000000000006,58.568,58.727799999999995,57.346000000000004,56.135250000000006,58.61503380748505,58.55624098549441,58.971512384746674,0.05879282199063596,-0.012020145723025613,0.07081296771366156
2017-04-27,58.562,58.599000000000004,58.7746,57.4022,56.141949999999994,58.78195168325658,58.64096387545779,61.209141104008914,0.14098780779878695,0.018581444981336896,0.12240636281745004
2017-04-28,58.75,58.6485,58.8166,57.464299999999994,56.150650000000006,59.00472834737096,58.75867025505352,65.09021743669246,0.24605809231744047,0.06407677444855761,0.18198131786888286
2017-05-01,58.915,58.69,58.861599999999996,57.5202,56.1577,59.21169321700619,58.876546532456956,65.9215834301116,0.3351466845492368,0.11829075646869344,0.21685592808054335
2017-05-02,59.177,58.802,58.91219999999999,57.5721,56.171350000000004,59.40835579900524,58.996061604126815,66.91162188812274,0.41229419487842733,0.1770914441506402,0.23520275072778712
2017-05-03,59.436,58.919500000000006,58.951,57.606700000000004,56.18425,59.58553182992752,59.11190889271001,67.42125968930091,0.47362293721750603,0.23639774276401337,0.23722519445349266
2017-05-04,59.73299999999999,59.05400000000001,58.99100000000001,57.6525,56.19965,59.76468077916944,59.233248974731495,68.82483326243663,0.5314318044379434,0.29540455509879937,0.23602724933914399
2017-05-05,60.27,59.30800000000001,59.072399999999995,57.7263,56.22215,60.29626835160491,59.528563865492124,80.55386610140044,0.767704486112784,0.3898645413015963,0.37783994481118766
2017-05-08,60.80899999999999,59.6005,59.168,57.8102,56.251999999999995,60.90915014366569,59.8805220976779,83.43429373696554,1.0286280459877943,0.517617242238836,0.5110108037489584
2017-05-09,61.31700000000001,59.8605,59.2598,57.885,56.28105000000001,61.41081935233251,60.198261201553606,82.07563787434357,1.2125581507789036,0.6566054239468495,0.5559527268320541
2017-05-10,61.77199999999999,60.114999999999995,59.3538,57.961299999999994,56.308899999999994,61.80453945197366,60.47764926069778,79.53951774860568,1.3268901912758793,0.7906623774126555,0.5362278138632237
2017-05-11,62.227,60.394499999999994,59.4338,58.0358,56.33705,62.18076415167002,60.757082648794245,80.45028759923318,1.4236815028757732,0.9172662025052791,0.5064153003704941
2017-05-12,62.64300000000001,60.6965,59.5182,58.1171,56.36775000000001,62.52064658987463,61.026187637772445,80.90790348142013,1.4944589521021854,1.0327047524246604,0.46175419967752496
2017-05-15,63.056999999999995,60.986000000000004,59.6104,58.1951,56.40075000000001,62.82362403758622,61.28276633127078,81.24559538265052,1.5408577063154425,1.134335343202817,0.4065223631126256
2017-05-16,63.527,61.352,59.73759999999999,58.28280000000001,56.439249999999994,63.18768187795757,61.57219104747295,83.45204528447408,1.6154908304846245,1.2305664406591785,0.38492438982544597
2017-05-17,63.92100000000001,61.6785,59.8708,58.365,56.4695,63.3895769736564,61.78906578469717,74.18687128994783,1.6005111889592314,1.304555390319189,0.2959557986400423
2017-05-18,64.348,62.040499999999994,60.02139999999999,58.4507,56.50535,63.640411285401576,62.02839424508997,76.32054151706507,1.6120170403116063,1.3660477203176726,0.24596931999393368
2017-05-19,64.568,62.419,60.176399999999994,58.54,56.5417,63.91419416457057,62.27962430100923,77.83806577777645,1.6345698635613388,1.419752148966406,0.21481771459493282
2017-05-22,64.71900000000001,62.763999999999996,60.3174,58.6317,56.576800000000006,64.20277967771355,62.5396521305641,79.1679743753576,1.6631275471494504,1.468427228603015,0.19470031854643555
2017-05-23,64.90299999999999,63.10999999999999,60.452600000000004,58.7303,56.6083,64.48081357344992,62.7967149357075,79.93883510186288,1.684098637742423,1.5115615104308966,0.17253712731152637
2017-05-24,65.155,63.463499999999996,60.59919999999999,58.833400000000005,56.6492,64.78991917753456,63.070291607136575,81.54354301311056,1.7196275703979822,1.5531747224243138,0.16645284797366844
2017-05-25,65.418,63.822500000000005,60.751599999999996,58.9419,56.695249999999994,65.11147007329848,63.35249222883016,82.75084450215643,1.758977844468319,1.594335346833115,0.1646424976352041
2017-05-26,65.65799999999999,64.1505,60.8992,59.0446,56.741550000000004,65.36970544663717,63.607122434101996,81.4271156393611,1.762583012535174,1.6279848799735268,0.1345981325616472
2017-05-30,65.858,64.45750000000001,61.05780000000001,59.1363,56.78735,65.54205845484684,63.82066892046481,77.00520353687423,1.721389534382027,1.646665810855227,0.0747237235267999
2017-05-31,66.03,64.77850000000001,61.2164,59.234500000000004,56.8309,65.75251100025503,64.04950825968965,78.74543121489593,1.7030027405653811,1.657933196797258,0.04506954376812322
2017-06-01,66.31899999999999,65.11999999999999,61.3936,59.3297,56.87845,66.00443238483118,64.29695209230523,80.55647189052226,1.7074802925259434,1.667842615942995,0.039637676582948256
2017-06-02,66.564,65.45599999999999,61.5538,59.438599999999994,56.92929999999999,66.22990432562638,64.53199267806039,80.84935394933804,1.697911647565988,1.6738564222675938,0.0240552252983941
2017-06-05,66.778,65.67299999999999,61.729800000000004,59.547599999999996,56.9821,66.43453442937616,64.75628951672257,81.19258301324712,1.6782449126535823,1.6747341203447916,0.0035107923087907
2017-06-06,66.94,65.8295,61.90559999999999,59.65160000000001,57.03445000000001,66.58460605562598,64.95286066363202,78.66212162412407,1.6317453919939595,1.6661363746746254,-0.03439098268066587
2017-06-07,67.035,65.96900000000001,62.07059999999999,59.7513,57.083549999999995,66.64235897014505,65.10153765151114,71.46614639373716,1.5408213186339168,1.6410733634664838,-0.100252044832567
2017-06-08,67.07300000000001,66.114,62.227199999999996,59.854800000000004,57.1292,66.67738066704581,65.2325348625103,70.08523685841081,1.444845804535504,1.601827851680288,-0.15698204714478403
2017-06-09,67.01599999999999,66.21700000000001,62.3718,59.9521,57.17,66.62086056442337,65.31234709491696,62.051012798977716,1.3085134695064085,1.543164975245512,-0.23465150573910365
2017-06-12,66.966,66.312,62.512800000000006,60.041399999999996,57.213100000000004,66.56995893912746,65.38476582862681,61.77862835106744,1.1851931105006486,1.4715706022965396,-0.286377491795891
2017-06-13,66.96000000000001,66.40899999999999,62.651,60.1392,57.2574,66.54842679464632,65.46219058206187,63.002916501475305,1.0862362125844527,1.3945037243541223,-0.3082675117696696
2017-06-14,66.91600000000001,66.473,62.8154,60.2354,57.300399999999996,66.53636113393149,65.53684313153876,63.363995410291345,0.9995180023927333,1.3155065799618444,-0.31598857756911114
2017-06-15,66.816,66.56750000000001,62.979000000000006,60.337599999999995,57.34309999999999,66.51384403640357,65.60003993660996,62.059455790352686,0.9138040997936088,1.2351660839281975,-0.3213619841345887
2017-06-16,66.728,66.64599999999999,63.1496,60.4374,57.3865,66.52556033849532,65.6733703116759,64.05202685903751,0.8521900268194287,1.1585708725064436,-0.30638084568701496
2017-06-19,66.712,66.745,63.334799999999994,60.5359,57.4363,66.66008951718835,65.8012688071073,70.75166214863077,0.8588207100810479,1.0986208400213644,-0.23980012994031652
2017-06-20,66.69800000000001,66.819,63.5116,60.645900000000005,57.484700000000004,66.75392189915938,65.91006371028455,68.54372122905684,0.8438581888748331,1.047668309792058,-0.20381012091722495
2017-06-21,66.79299999999999,66.91400000000002,63.69040000000001,60.7637,57.53245,66.93178006851947,66.05820713915236,73.00937499144683,0.8735729293671142,1.0128492337070694,-0.1392763043399552
2017-06-22,66.818,66.94550000000001,63.8552,60.8983,57.57475,66.96073698105494,66.13685846217811,61.41866867807415,0.8238785188768247,0.9750550907410205,-0.15117657186419575
2017-06-23,66.925,66.9705,64.0296,61.0462,57.619749999999996,67.02523898396956,66.2289430205353,63.4739215276672,0.796295963434261,0.9393032652796686,-0.14300730184540755
2017-06-26,67.042,67.00399999999999,64.2118,61.1963,57.67625,67.0921252941281,66.32013242642157,64.10748948968083,0.7719928677065298,0.9058411857650408,-0.13384831805851105
2017-06-27,67.05199999999999,67.006,64.36840000000001,61.34479999999999,57.732749999999996,67.00564447964685,66.33567817261256,52.66999101158561,0.6699663070342865,0.85866621001889,-0.18869990298460348
2017-06-28,67.10799999999999,67.012,64.55160000000001,61.490100000000005,57.7859,67.0093914827781,66.3871094190857,57.10135656553578,0.6222820636923956,0.8113893807535912,-0.18910731706119566
2017-06-29,67.083,66.9495,64.715,61.62389999999999,57.8416,66.87563894696609,66.36880501767195,48.41249053115362,0.506833929294146,0.7504782904617022,-0.24364436116755628
2017-06-30,67.06400000000001,66.896,64.88740000000001,61.75,57.90344999999999,66.80246372435593,66.37111575710365,50.76928051017491,0.43134796725227886,0.6866522258198177,-0.2553042585675388
2017-07-03,66.994,66.85300000000001,65.06439999999999,61.8525,57.96645,66.78670007445501,66.39547755287376,53.41391193854064,0.3912225215812555,0.6275662849721052,-0.23634376339084973
2017-07-05,66.95599999999999,66.827,65.2244,61.9414,58.034299999999995,66.80259237069271,66.43210884525348,55.06046077595348,0.37048352543922647,0.5761497330655294,-0.20566620762630294
2017-07-06,66.79400000000001,66.7935,65.3684,62.030300000000004,58.0991,66.72373200597076,66.42158226412359,49.152394168490396,0.3021497418471739,0.5213497348218583,-0.2191999929746844
2017-07-07,66.77799999999999,66.798,65.5192,62.12350000000001,58.1691,66.7600809281291,66.4614650593737,54.96373257910264,0.29861586875540524,0.4768029616085677,-0.17818709285316248
2017-07-10,66.768,66.8465,65.6708,62.2227,58.23825,66.84006847764769,66.52209727719787,57.464194134351175,0.3179712004498185,0.44503660937681794,-0.1270654089269994
2017-07-11,66.782,66.912,65.81819999999999,62.317400000000006,58.305200000000006,66.95698101954805,66.60194192333137,59.864002363232345,0.35503909621668583,0.4270371067447915,-0.07199801052810567
2017-07-12,66.942,66.997,65.9738,62.417699999999996,58.3738,67.13744547807912,66.715131410492,63.53365290776178,0.4223140675871093,0.42609249891325507,-0.003778431326145748
2017-07-13,67.02900000000001,67.0685,66.12200000000001,62.5171,58.44254999999999,67.25476155837464,66.80289945415926,60.93014151106274,0.45186210421537965,0.43124641997368,0.020615684241699628
2017-07-14,67.298,67.1905,66.28739999999999,62.6192,58.51469999999999,67.49710593400931,66.95305505014747,66.84615731326576,0.5440508838618427,0.4538073127513126,0.09024357111053016
2017-07-17,67.547,67.30550000000001,66.4502,62.720600000000005,58.584700000000005,67.71139732877711,67.09653245384024,67.19132423854813,0.6148648749368704,0.48601882518842415,0.1288460497484462
2017-07-18,67.756,67.375,66.5616,62.81700000000001,58.65365,67.87733620127294,67.22197449429652,65.9587832521623,0.6553617069764215,0.5198874015460236,0.13547430543039785
2017-07-19,68.01700000000001,67.4865,66.666,62.91700000000001,58.76259999999999,68.12697678569248,67.39071712434863,70.14607007768373,0.7362596613438512,0.5631618535055891,0.17309780783826212
2017-07-20,68.38399999999999,67.589,66.7818,63.02080000000001,58.8604,68.4089803571244,67.58103437439688,72.50575291335689,0.8279459827275275,0.6161186793499769,0.21182730337755062
2017-07-21,68.686,67.732,66.902,63.1279,58.959849999999996,68.65067568679757,67.75873553184896,72.60713155865507,0.8919401549486139,0.6712829744697043,0.2206571804789096
2017-07-24,68.954,67.86099999999999,67.0162,63.225,59.05515,68.85211019652101,67.9217921591194,72.3199559906019,0.9303180374016051,0.7230899870560845,0.2072280503455206
2017-07-25,69.191,67.9865,67.1278,63.323,59.148950000000006,69.02409324321009,68.0735112584439,72.37878150453858,0.9505819847661883,0.7685883865981054,0.18199359816808292
2017-07-26,69.38300000000001,68.1625,67.23899999999999,63.424699999999994,59.24745,69.181925051947,68.2199178318925,72.87541580776298,0.9620072200545025,0.8072721532893848,0.1547350667651176
2017-07-27,69.565,68.297,67.3296,63.5336,59.3438,69.26470581318593,68.3310350295301,67.48514365384358,0.9336707836558276,0.8325518793626735,0.10111890429315407
2017-07-28,69.614,68.456,67.426,63.6484,59.44095,69.27321261115732,68.40429169400934,61.54305118087601,0.8689209171479746,0.8398256869197337,0.029095230228240898
2017-07-31,69.65700000000001,68.602,67.512,63.7667,59.537650000000006,69.28041067097926,68.47212193889754,61.54305118087602,0.8082887320817207,0.8335182959521311,-0.02522956387041042
2017-08-01,69.729,68.74249999999999,67.5938,63.8851,59.62895,69.31573210621323,68.5490017952755,63.32214220350904,0.7667303109377315,0.8201606989492513,-0.05343038801151978
2017-08-02,69.631,68.824,67.6484,63.9829,59.71985000000001,69.19331178218043,68.54685351414399,50.27198711182159,0.6464582680364401,0.785420212766689,-0.13896194473024892
2017-08-03,69.63000000000001,69.007,67.7272,64.0899,59.8191,69.30972535415268,68.65079029087407,62.3440020073914,0.6589350632786051,0.7601231828690723,-0.10118811959046725
2017-08-04,69.75,69.218,67.821,64.2101,59.9239,69.59745991505227,68.83813915821673,69.25715892310083,0.7593207568355353,0.759962697662365,-0.0006419408268296678
2017-08-07,69.713,69.3335,67.8752,64.3134,60.0199,69.59631223581346,68.89383255390439,55.159699833579985,0.7024796819090682,0.7484660945117058,-0.04598641260263758
2017-08-08,69.744,69.4675,67.945,64.4221,60.1209,69.70149496876523,68.99651162398555,59.05477696384136,0.7049833447796772,0.7397695445653001,-0.03478619978562292
2017-08-09,69.84,69.6115,68.0354,64.5466,60.227399999999996,69.90280343510904,69.14565891109774,62.742201901949386,0.7571445240112951,0.7432445404544991,0.013899983556796003
2017-08-10,69.869,69.717,68.0974,64.65690000000001,60.325199999999995,69.91929521432303,69.20968417694236,55.384083917985016,0.7096110373806681,0.7365178398397328,-0.026906802459064738
2017-08-11,69.998,69.80600000000001,68.1618,64.77770000000001,60.42505,70.02555748904255,69.31341127494663,58.526835807450695,0.7121462140959238,0.7316435146909711,-0.019497300595047284
2017-08-14,70.25,69.95349999999999,68.2492,64.9015,60.5299,70.30470249072832,69.50056599532095,64.10835240936686,0.8041364954073629,0.7461421108342494,0.057994384573113456
2017-08-15,70.466,70.0975,68.3314,65.0306,60.631750000000004,70.5147482613855,69.66126481048236,62.84938475088467,0.8534834509031413,0.7676103788480279,0.08587307205511341
2017-08-16,70.82000000000001,70.2255,68.4244,65.165,60.7342,70.75247929809542,69.83894889859478,64.5684428932557,0.9135303995006439,0.7967943829785511,0.11673601652209276
2017-08-17,70.864,70.247,68.493,65.2818,60.82940000000001,70.69671325223459,69.87976749869887,53.21354367759424,0.8169457535357196,0.8008246570899848,0.016121096445734784
2017-08-18,70.753,70.2515,68.557,65.3921,60.922250000000005,70.60029582881388,69.89385879509155,51.35007439494612,0.706437033722338,0.7819471324164555,-0.07551009869411751
2017-08-21,70.74600000000001,70.2295,68.6212,65.49650000000001,61.0128,70.43409647053483,69.8661655510107,48.22426110181462,0.5679309195241302,0.7391438898379905,-0.1712129703138603
2017-08-22,70.733,70.2385,68.69839999999999,65.6056,61.10530000000001,70.39038932122178,69.8871903250099,51.840572463612226,0.5031989962118786,0.6919549111127682,-0.1887559149008896
2017-08-23,70.634,70.237,68.7702,65.7106,61.195,70.33340634872611,69.89702807871286,51.04823942559915,0.43637827001325036,0.6408395828928646,-0.20446131287961422
2017-08-24,70.61500000000001,70.242,68.8372,65.8263,61.27035000000001,70.2544207566144,69.8913222951045,49.78748785845731,0.36309846150989245,0.5852913586162702,-0.2221928971063778
2017-08-25,70.53200000000001,70.265,68.905,65.942,61.34479999999999,70.18143294790448,69.88307619917083,49.52404915930385,0.2983567487336529,0.5279044366397468,-0.22954768790609392
2017-08-28,70.344,70.297,68.97240000000001,66.06099999999999,61.42955,70.14736634053456,69.88877425849151,50.786007888659405,0.2585920820430516,0.4740419657204078,-0.21544988367735618
2017-08-29,70.14200000000001,70.304,69.0174,66.1761,61.50875,70.07084844199079,69.87108727638103,48.535433222073024,0.19976116560975754,0.4191858056982778,-0.21942464008852025
2017-08-30,69.90299999999999,70.3615,69.0654,66.2885,61.58735000000001,70.00917945091528,69.85619192257502,48.69340355772074,0.15298752834026175,0.3659461502266746,-0.21295862188641285
2017-08-31,69.941,70.4025,69.12259999999999,66.4065,61.67145000000001,70.12622876615909,69.92388140979169,56.586376715851635,0.20234735636739742,0.3332263914548192,-0.13087903508742177
2017-09-01,70.017,70.38499999999999,69.1968,66.526,61.75475,70.23450126367307,69.99100130536267,56.975179828179286,0.2434999583103945,0.31528110482593424,-0.07178114651553974
2017-09-05,70.119,70.4325,69.26,66.64479999999999,61.830799999999996,70.28150106926182,70.0316678753358,54.43751967950384,0.24983319392602255,0.30219152264595195,-0.0523583287199294
2017-09-06,70.197,70.465,69.3294,66.7706,61.90355,70.38127013552923,70.09821099568128,57.198468501359955,0.28305913984794984,0.2983650460863515,-0.015305906238401668
2017-09-07,70.337,70.4855,69.4272,66.8978,61.9828,70.5410747300632,70.19612129229749,60.44188515086899,0.3449534377657102,0.3076827244222233,0.037270713343486916
2017-09-08,70.465,70.53999999999999,69.5086,67.03009999999999,62.06280000000001,70.6270632331304,70.26307527064583,57.38365462845022,0.3639879624845719,0.318943772034693,0.045044190449878896
2017-09-11,70.705,70.6185,69.62939999999999,67.1722,62.15780000000001,70.86597658187958,70.40506969504243,64.0035400175193,0.46090688683715086,0.34733639499518454,0.11357049184196633
2017-09-12,70.99300000000001,70.6685,69.7582,67.3228,62.2627,71.16967249235965,70.58543490281707,67.34215720388387,0.5842375895425818,0.39471663390466405,0.1895209556379177
2017-09-13,71.255,70.6985,69.8696,67.46700000000001,62.3578,71.33895364738125,70.7102175026084,61.99436355449358,0.6287361447728443,0.4415205360783001,0.18721560869454423
2017-09-14,71.462,70.6825,69.9666,67.5955,62.431749999999994,71.40065308624567,70.78649768760037,57.42774168214154,0.6141553986452948,0.4760475085916991,0.1381078900535957
2017-09-15,71.56700000000001,70.754,70.0772,67.72279999999999,62.5127,71.46516799605403,70.86305341444478,57.931473000690005,0.602114581609257,0.5012609231952107,0.10085365841404637
2017-09-18,71.688,70.85249999999999,70.1788,67.84899999999999,62.5975,71.5536036889688,70.95023464300442,59.355731923161656,0.603369045964385,0.5216825477490455,0.08168649821533946
2017-09-19,71.884,71.0015,70.2832,67.977,62.6896,71.69920312143515,71.06503207685594,62.234746609556176,0.6341710445792046,0.5441802471150774,0.08999079746412719
2017-09-20,72.03699999999999,71.117,70.3804,68.0993,62.781800000000004,71.8162487950605,71.16836303412587,61.82464352380121,0.6478857609346278,0.5649213498789876,0.08296441105564023
2017-09-21,72.08099999999999,71.209,70.455,68.2144,62.86729999999999,71.82297974966657,71.2195954019684,55.876700408182614,0.6033843476981673,0.5726139494428235,0.030770398255343778
2017-09-22,72.17699999999999,71.321,70.5382,68.3301,62.9511,71.85944440356403,71.28184759441518,57.34966091430474,0.5775968091488437,0.5736105213840276,0.003986287764816132
2017-09-25,72.128,71.4165,70.5954,68.44139999999999,63.024049999999995,71.83337603378494,71.31208110593998,53.773262306415006,0.5212949278449628,0.5631474026762147,-0.041852474831251874
2017-09-26,72.006,71.4995,70.65,68.5501,63.1013,71.80054895166418,71.33488991290739,53.09861121944828,0.46565903875679737,0.5436497298923313,-0.07799069113553392
2017-09-27,71.97,71.6125,70.7124,68.637,63.18165,71.81738757448508,71.37749066009944,55.584772896713034,0.43989691438564194,0.5228991667909935,-0.08300225240535153
2017-09-28,72.01,71.736,70.76520000000001,68.7156,63.2629,71.86702025533353,71.43397283342541,57.50857113218513,0.43304742190811396,0.5049288178144176,-0.0718813959063036
2017-09-29,72.082,71.8245,70.8168,68.79929999999999,63.342150000000004,71.97055560066683,71.5159007716902,60.6969554698712,0.45465482897662923,0.49487402004685993,-0.0402191910702307
2017-10-02,72.123,71.9055,70.86619999999999,68.8841,63.42269999999999,72.04431627748731,71.58509330712054,59.613083170545394,0.45922297036676696,0.48774381011084134,-0.028520839744074378
2017-10-03,72.128,72.006,70.918,68.9671,63.501450000000006,72.12211377325849,71.65656787696346,60.457996294249554,0.4655458962950263,0.48330422734767836,-0.017758331052652065
2017-10-04,72.14699999999999,72.09200000000001,70.97160000000001,69.0497,63.583400000000005,72.20332703891103,71.73015544163285,61.32923822060514,0.47317159727818137,0.481277701333779,-0.00810610405559764
2017-10-05,72.281,72.181,71.0346,69.13680000000001,63.665949999999995,72.35666134061702,71.83903281632671,65.79337682607971,0.5176285242903162,0.4885478659250865,0.029080658365229772
2017-10-06,72.455,72.316,71.1162,69.2229,63.752849999999995,72.57871344206056,71.98428964474695,69.87849690755463,0.5944237973136097,0.5097230522027911,0.0847007451108186
2017-10-09,72.65100000000001,72.3895,71.2028,69.31439999999999,63.8397,72.74352675866663,72.10767559698792,67.70169525100565,0.6358511616787155,0.5349486740979761,0.10090248758073939
2017-10-10,72.88900000000001,72.44749999999999,71.29639999999999,69.4042,63.92745,72.93683033425638,72.24784777498881,70.04638816412626,0.688982559267572,0.5657554511318953,0.12322710813567672
2017-10-11,73.05799999999999,72.514,71.3782,69.486,64.013,73.03885643667847,72.34800719906372,64.30122800441765,0.6908492376147564,0.5907742084284675,0.10007502918628886
2017-10-12,73.253,72.63149999999999,71.4896,69.569,64.10034999999999,73.20057083103563,72.47704370283677,67.7867781075908,0.7235271281988673,0.6173247923825476,0.10620233581631977
2017-10-13,73.437,72.7595,71.5782,69.65270000000001,64.19149999999999,73.38202147241476,72.61800342855256,69.67398698631743,0.7640180438622082,0.6466634426784796,0.11735460118372854
2017-10-16,73.609,72.866,71.638,69.7295,64.28144999999999,73.5032489381971,72.73296613754867,66.62987392383803,0.770282800648431,0.67138731427247,0.09889548637596102
2017-10-17,73.751,72.9395,71.7256,69.8004,64.37115,73.57505679385909,72.82459827550804,63.7721733762078,0.7504585183510528,0.6872015550881867,0.06325696326286612
2017-10-18,73.88000000000001,73.0135,71.7988,69.87190000000001,64.45824999999999,73.63120190249616,72.9072206254704,63.333383740551604,0.7239812770257572,0.6945574994757009,0.029423777550056318
2017-10-19,73.987,73.134,71.86399999999999,69.9497,64.543,73.72947853288137,73.00816724580592,66.09678172780451,0.7213112870754514,0.699908256995651,0.02140303007980049
2017-10-20,74.087,73.271,71.9598,70.0286,64.63155,73.89417414320731,73.14089559796845,70.00650716814317,0.7532785452388566,0.7105823146442921,0.04269623059456451
2017-10-23,74.16199999999999,73.40650000000001,72.0356,70.0987,64.7142,73.9719935057908,73.23416259071152,64.00717637706842,0.7378309150792859,0.716032034731291,0.02179888034799493
2017-10-24,74.231,73.55999999999999,72.0926,70.1709,64.80475,74.08245604336145,73.34200239880697,66.2644045823127,0.7404536445544778,0.7209163566959284,0.019537287858549468
2017-10-25,74.296,73.67699999999999,72.1442,70.23780000000001,64.89269999999999,74.10823203669045,73.40926148037683,60.10537586009161,0.6989705563136255,0.7165271966194678,-0.017556640305842364
2017-10-26,74.345,73.799,72.1946,70.3095,64.98055,74.18081172335346,73.49598285220077,62.89120650061812,0.6848288711526891,0.7101875315261121,-0.025358660373423048
2017-10-27,74.446,73.94149999999999,72.2946,70.3938,65.07255,74.36684068899139,73.63628041870442,68.67358810522843,0.730560270286972,0.7142620792782841,0.0162981910086879
2017-10-30,74.58,74.0945,72.40339999999999,70.4802,65.1675,74.54271135222348,73.77507446176335,69.4334885536675,0.7676368904601247,0.7249370415146523,0.04269984894547241
2017-10-31,74.75,74.2505,72.5264,70.5738,65.26295,74.71614037495833,73.91543931644756,70.46232370398707,0.8007010585107679,0.7400898449138755,0.060611213596892366
2017-11-01,74.71000000000001,74.29499999999999,72.5942,70.6463,65.34385,74.53519570188782,73.8876289967107,47.527721325036,0.6475667051771126,0.721585216966523,-0.07401851178941043
2017-11-02,74.71900000000001,74.353,72.681,70.7256,65.4324,74.508242516982,73.92261944139881,53.76663137316016,0.5856230755831859,0.6943927886898557,-0.10876971310666972
2017-11-03,74.66600000000001,74.3765,72.77,70.8036,65.51950000000001,74.47158982206169,73.94835133462853,53.02148087963645,0.5232384874331615,0.6601619284385168,-0.13692344100535536
2017-11-06,74.704,74.433,72.87,70.8875,65.61255,74.51903754174451,74.00995493947086,56.68487067457433,0.5090826022736508,0.6299460632055436,-0.12086346093189282
2017-11-07,74.7,74.4655,72.9638,70.9681,65.70275,74.53918561224535,74.05736568469524,55.49688748606388,0.48181992755010583,0.6003208360744561,-0.11850090852435025
2017-11-08,74.713,74.5045,73.0584,71.0379,65.7869,74.51469551805376,74.08126452286596,53.01191424377233,0.43343099518779127,0.5669428678971231,-0.13351187270933185
2017-11-09,74.649,74.497,73.1438,71.1046,65.87525000000001,74.42628082296856,74.07080048413515,49.14960768682603,0.35548033883341645,0.5246503620843818,-0.1691700232509653
2017-11-10,74.536,74.491,73.2136,71.16810000000001,65.96589999999999,74.40069915789647,74.0848152630881,51.89464746125938,0.31588389480836554,0.4828970686291785,-0.167013173820813
2017-11-13,74.441,74.51050000000001,73.2882,71.2425,66.0704,74.42520697975856,74.12001413248899,54.38096388236327,0.3051928472695664,0.44735622435725614,-0.14216337708768972
2017-11-14,74.37100000000001,74.5605,73.37679999999999,71.3184,66.1823,74.50902129056493,74.1829760486009,57.605862637546124,0.3260452419640245,0.42309402787860984,-0.09704878591458532
2017-11-15,74.426,74.568,73.44,71.38470000000001,66.29050000000001,74.44455647663187,74.17608893388972,49.515073117120075,0.2684675427421581,0.39216873085131954,-0.12370118810916142
2017-11-16,74.528,74.6235,73.5192,71.4732,66.40899999999999,74.58847086484235,74.26526753137937,58.67736196952646,0.3232033334629847,0.3783756513736526,-0.0551723179106679
2017-11-17,74.392,74.529,73.5554,71.532,66.51105,74.33024457794353,74.16487734386979,42.698474635873566,0.16536723407374154,0.3357739679136704,-0.17040673383992888
2017-11-20,74.104,74.404,73.5498,71.5896,66.60675,73.95636079672146,73.9971086517313,38.12642306302472,-0.04074785500984035,0.2604696033289683,-0.30121745833880864
2017-11-21,73.816,74.258,73.5284,71.6433,66.69665,73.61999759722585,73.83213764049195,37.56881009919662,-0.21214004326610336,0.16594767400995397,-0.37808771727605733
2017-11-22,73.549,74.131,73.5172,71.6934,66.77295,73.32615181303726,73.67494225971477,37.297677851514166,-0.348790446677512,0.06300004987246076,-0.4117904965499728
2017-11-24,73.38199999999999,74.0155,73.5278,71.74719999999999,66.8443,73.16366691872383,73.57087246269887,41.53845528987566,-0.4072055439750386,-0.031041068897039115,-0.3761644750779995
2017-11-27,73.196,73.86600000000001,73.5394,71.8083,66.9193,73.04617970045862,73.48414116916562,42.51050914453755,-0.4379614687070017,-0.11242514885903164,-0.32553631984797005
2017-11-28,73.027,73.73400000000001,73.556,71.8674,66.99544999999999,73.0190751311573,73.4386492307089,46.0059740058847,-0.4195740995516104,-0.1738549389975474,-0.245719160554063
2017-11-29,72.741,73.55600000000001,73.54820000000001,71.9157,67.0692,72.87921741867156,73.34023076917491,41.60120804306329,-0.46101335050335024,-0.23128662129870797,-0.22972672920464227
2017-11-30,72.55999999999999,73.49300000000001,73.5446,71.9625,67.13995,72.78703012349132,73.26169515664344,42.917735184365,-0.47466503315212094,-0.27996230366939057,-0.19470272948273037
2017-12-01,72.15799999999999,73.34299999999999,73.5346,71.9948,67.20625,72.56748702756958,73.12082884874393,37.933764424818015,-0.5533418211743424,-0.33463820717038095,-0.21870361400396143
2017-12-04,71.899,73.1455,73.4998,72.01899999999999,67.26805,72.22171979255887,72.91336004513327,33.23518108226148,-0.6916402525744019,-0.4060386162511851,-0.2856016363232168
2017-12-05,71.752,72.928,73.4746,72.035,67.3271,71.94607059370367,72.72940744919747,34.164036707369206,-0.7833368554938005,-0.4814982640997082,-0.3018385913940923
2017-12-06,71.725,72.7705,73.4722,72.0611,67.39085,71.87744434851848,72.6383402307384,42.53843758591925,-0.7608958822199128,-0.5373777877237491,-0.22351809449616367
2017-12-07,71.715,72.632,73.46620000000001,72.0893,67.45315,71.83629906413103,72.56216688031333,43.33641063649303,-0.7258678161823013,-0.5750757934154596,-0.15079202276684178
2017-12-08,71.67,72.526,73.4598,72.1125,67.51474999999999,71.83379151580317,72.50719155584567,44.909307753570076,-0.6734000400424947,-0.5947406427408666,-0.07865939730162808
2017-12-11,71.586,72.39099999999999,73.44019999999999,72.12849999999999,67.57465,71.79166974414115,72.43702921837561,43.30647643058529,-0.6453594742344677,-0.6048644090395868,-0.040495065194880886
2017-12-12,71.444,72.2355,73.42020000000001,72.1432,67.63555000000001,71.73910516811944,72.3639159429404,42.613524771289306,-0.6248107748209577,-0.608853682195861,-0.015957092625096703
2017-12-13,71.352,72.04650000000001,73.393,72.1555,67.69025,71.65462744994721,72.27695920642628,40.945798461137805,-0.6223317564790705,-0.6115492970525029,-0.010782459426567526
2017-12-14,71.305,71.9325,73.3762,72.17389999999999,67.74845,71.6785309191861,72.24236963557989,46.33891490452266,-0.5638387163937892,-0.6020071809207602,0.03816846452697098
2017-12-15,71.377,71.7675,73.3538,72.1942,67.80945,71.74029539315747,72.23034225516658,48.54281438631597,-0.49004686200910896,-0.5796151171384301,0.0895682551293211
2017-12-18,71.532,71.7155,73.31519999999999,72.21570000000001,67.87465,71.76024994805633,72.20365023626535,46.92842416832697,-0.4434002882090198,-0.552372151352548,0.10897186314352825
2017-12-19,71.682,71.71700000000001,73.2808,72.2418,67.9451,71.78636534066305,72.18337984839384,47.4660011501646,-0.3970145077307876,-0.521300622628196,0.12428611489740837
2017-12-20,71.80300000000001,71.764,73.255,72.2757,68.0212,71.92846298056105,72.22238874851283,53.99059304930079,-0.2939257679517766,-0.47582565169291213,0.18189988374113553
2017-12-21,71.882,71.7985,73.231,72.3046,68.09485,72.0010071373978,72.23554513751188,51.26544918754703,-0.2345380001140711,-0.42756812137714395,0.19303012126307284
2017-12-22,71.87,71.77000000000001,73.1832,72.3364,68.15965,71.95469834702891,72.19587512732582,45.660944277036045,-0.24117678029691092,-0.3902898531610974,0.14911307286418646
2017-12-26,71.838,71.712,73.1204,72.3493,68.2196,71.84474475517831,72.12506956233872,42.381969354873185,-0.28032480716041164,-0.36829684396096024,0.0879720368005486
2017-12-27,71.813,71.6285,73.061,72.34949999999999,68.27980000000001,71.74555325438165,72.05654589105438,42.09886248313683,-0.31099263667273647,-0.3568360025033155,0.04584336583057902
2017-12-28,71.833,71.5925,73.0094,72.3675,68.34045,71.69085275370755,72.00717212134666,44.01198439451314,-0.3163193676391103,-0.3487326755304745,0.03241330789136421
2017-12-29,71.75399999999999,71.5295,72.95100000000001,72.3749,68.3985,71.58764463775255,71.93404826050616,41.15989818825715,-0.3464036227536127,-0.3482668649751021,0.001863242221489425
2018-01-02,71.641,71.509,72.8846,72.3743,68.46045,71.48954546271369,71.86115579676496,40.62354542664384,-0.37161033405126886,-0.3529355587903355,-0.018674775260933363
2018-01-03,71.609,71.57050000000001,72.8196,72.38969999999999,68.5233,71.49884616075774,71.83810721922681,46.99883006055999,-0.33926105846907717,-0.35020065872608386,0.010939600257006687
2018-01-04,71.684,71.683,72.78519999999999,72.4104,68.59405000000001,71.68056213602577,71.90046964743223,56.47684813327445,-0.21990751140646125,-0.32414202926215935,0.1042345178556981
2018-01-05,71.743,71.773,72.7574,72.425,68.66325,71.92970642279104,72.00413856243725,60.63621178430289,-0.07443213964620554,-0.2742000513389686,0.19976791169276303
2018-01-08,71.84,71.861,72.7398,72.442,68.7363,72.15129005005396,72.10531348373819,61.0883561935814,0.045976566315772516,-0.21016472780802037,0.2561412941237929
2018-01-09,72.016,71.943,72.7174,72.456,68.8105,72.35263004235335,72.2056606330909,61.697523084714874,0.1469694092624536,-0.13873790039392558,0.2857073096563792
2018-01-10,72.28900000000002,72.0635,72.689,72.4918,68.8868,72.6014561896836,72.33635243804714,65.03769710776353,0.2651037516364596,-0.05796956998784855,0.32307332162430813
2018-01-11,72.57000000000001,72.19149999999999,72.659,72.5312,68.96165,72.81815523742459,72.46032633152512,65.29333756462319,0.35782890589946703,0.025190125189614568,0.3326387807098525
2018-01-12,72.887,72.36,72.63680000000001,72.5816,69.03905,73.08613135474388,72.61585771437511,68.68399059672981,0.4702736403687737,0.11420682822544641,0.3560668121433273
2018-01-16,73.25800000000001,72.506,72.6606,72.6274,69.1165,73.33903422324482,72.77246084664363,69.67029198242278,0.5665733766011982,0.20468013790059678,0.3618932387006014
2018-01-17,73.747,72.694,72.6902,72.6856,69.19810000000001,73.72379818889947,72.99968596911447,75.16936820244345,0.724112219784999,0.30856655427747726,0.4155456655075217
2018-01-18,74.26700000000001,72.938,72.7398,72.75489999999999,69.2906,74.18936769829955,73.27748700843932,78.59567428946393,0.9118806898602259,0.429229381394027,0.48265130846619886
2018-01-19,74.728,73.20599999999999,72.79,72.83,69.386,74.66638805240731,73.57471019299938,80.33018033153733,1.0916778594079375,0.5617190769968091,0.5299587824111284
2018-01-22,75.194,73.4685,72.8562,72.91,69.4855,75.1730975828062,73.89954647499943,82.25190728332227,1.2735511078067674,0.7040854831588008,0.5694656246479666
2018-01-23,75.683,73.7615,72.9338,72.9961,69.5861,75.64800564698986,74.22254303240688,83.05041919642086,1.4254626145829832,0.8483609094436373,0.5771017051393459
2018-01-24,76.18199999999999,74.099,73.024,73.0839,69.6862,76.07908170129912,74.53568799296933,83.55505624658558,1.5433937083297877,0.9873674692208674,0.5560262391089204
2018-01-25,76.58,74.4345,73.09779999999999,73.15570000000001,69.78110000000001,76.36691528571464,74.78859999349012,77.05355101937504,1.5783152922245165,1.1055570338215972,0.4727582584029193
2018-01-26,77.01899999999999,74.7945,73.1746,73.23140000000001,69.8787,76.67969754945085,75.05611110508345,78.66273990438539,1.6235864443674046,1.2091629159307589,0.41442352843664576
2018-01-29,77.37800000000001,75.13250000000001,73.2382,73.3075,69.97615,76.90589792645842,75.28528806026246,75.4951932754753,1.620609866195963,1.2914523059837997,0.32915756021216325
2018-01-30,77.68100000000001,75.46950000000001,73.3116,73.3758,70.0732,77.03729824546483,75.46860005579857,70.71160364464845,1.5686981896662502,1.3469014827202899,0.22179670694596032
2018-01-31,77.89500000000001,75.821,73.36359999999999,73.4414,70.1696,77.18232928462409,75.65462968129498,71.79720294307106,1.5276996033291113,1.3830611068420542,0.14463849648705707
2018-02-01,77.97,76.11850000000001,73.4554,73.50540000000001,70.26774999999999,77.23120170237422,75.79132377897682,66.04520778724675,1.439877923397404,1.3944244701531243,0.04545345324427963
2018-02-02,77.813,76.2705,73.5318,73.5408,70.35650000000001,76.99870913277819,75.78604053608964,50.036358110905226,1.2126685966885447,1.3580732954602084,-0.14540469877166373
2018-02-05,77.346,76.27000000000001,73.5622,73.5453,70.43405,76.42813849696617,75.60114864452746,36.890156953453,0.8269898524387145,1.2518566068559096,-0.4248667544171951
2018-02-06,76.91,76.2965,73.60600000000001,73.5616,70.51429999999999,76.03919411281753,75.47513763382172,41.075389073067385,0.5640564789958091,1.1142965812838896,-0.5502401022880805
2018-02-07,76.71700000000001,76.44950000000001,73.691,73.6094,70.60245,76.11316424930713,75.55253484613122,54.9073644877971,0.5606294031759091,1.0035631456622935,-0.4429337424863844
2018-02-08,76.438,76.509,73.7462,73.6428,70.6828,75.96652359556757,75.52345819086224,48.538057558808845,0.4430654047053224,0.8914635974708993,-0.4483981927655769
2018-02-09,76.227,76.623,73.8146,73.6853,70.76715,76.01628919624947,75.58023906561318,53.377358933243656,0.43605013063628917,0.8003809041039773,-0.36433077346768816
2018-02-12,76.155,76.7665,73.92099999999999,73.7346,70.8558,76.23378316605725,75.71725839408627,57.69908600904142,0.5165247719709782,0.7436096776773775,-0.22708490570639928
2018-02-13,76.19,76.9355,74.0376,73.7911,70.9452,76.52243190974075,75.89449851304285,60.07636052679219,0.6279333966978982,0.7204744214814817,-0.0925410247835835
2018-02-14,76.374,77.1345,74.2068,73.8707,71.04255,77.02975007747294,76.18527640096559,65.3499395858108,0.8444736765073486,0.745274272486655,0.0991994040206936
2018-02-15,76.761,77.3655,74.4278,73.9638,71.14695,77.6974808347848,76.56933000089407,69.30750257013324,1.1281508338907287,0.8218495847674697,0.30630124912325896
2018-02-16,77.284,77.5485,74.6382,74.0564,71.2489,78.19786839866406,76.89382407490191,67.07203886503027,1.3040443237621417,0.9182885325664042,0.38575579119573755
2018-02-20,78.10900000000001,77.72749999999999,74.839,74.15559999999999,71.35285,78.71204249117727,77.23798525453881,68.6040045430303,1.4740572366384583,1.029442273380815,0.44461496325764327
2018-02-21,78.899,77.90450000000001,75.0428,74.2545,71.44575,79.18711287715,77.57591227272113,69.28223888067652,1.6112006044288734,1.1457939395904266,0.4654066648384467
2018-02-22,79.408,78.0625,75.2386,74.3492,71.5324,79.55986474220384,77.8747335858529,68.12407223606508,1.6851311563509483,1.2536613829425312,0.4314697734084172
2018-02-23,80.14500000000001,78.2915,75.458,74.4491,71.6242,80.01680862801862,78.21956813504897,70.67991035425175,1.7972404929696495,1.3623772049479548,0.4348632880216947
2018-02-26,80.813,78.52000000000001,75.6884,74.5543,71.7192,80.4711457621696,78.5714519768972,71.84272543929887,1.8996937852724045,1.469840521012845,0.4298532642595596
2018-02-27,81.321,78.738,75.9148,74.65390000000001,71.8105,80.78481564491274,78.86319627490481,68.77196027245515,1.9216193700079316,1.5601962908118623,0.3614230791960693
2018-02-28,81.712,78.951,76.119,74.7476,71.89865,80.97484400723386,79.09703358787482,65.5574925297336,1.8778104193590366,1.6237191165212974,0.2540913028377392
2018-03-01,81.794,79.084,76.2902,74.822,71.9794,80.92332954458249,79.21132739618038,57.41773587835015,1.7120021484021066,1.6413757228974593,0.07062642550464737
2018-03-02,81.785,79.273,76.47840000000001,74.8968,72.05985000000001,80.97820192233904,79.36456240387072,59.90415333690821,1.613639518468318,1.6358284820116311,-0.02218896354331301
2018-03-05,81.917,79.6005,76.6852,74.983,72.1487,81.17694008813304,79.579780003584,63.45858792982125,1.5971600845490315,1.6280948025191113,-0.03093471797007985
2018-03-06,82.07,80.0895,76.89240000000001,75.0737,72.23895,81.46818007457411,79.83831481813334,66.07569546248385,1.629865256440766,1.6284488933034424,0.0014163631373236285
2018-03-07,82.215,80.55699999999999,77.10940000000001,75.1702,72.3281,81.74230621694731,80.09103223901236,66.65438047378149,1.6512739779349488,1.6330139102297436,0.018260067705205163
2018-03-08,82.376,80.892,77.3398,75.2615,72.41525,81.96964372203234,80.32280762871515,66.45092669742658,1.6468360933171908,1.6357783468472331,0.011057746469957719
2018-03-09,82.59400000000001,81.3695,77.6092,75.3648,72.50875,82.39123699556583,80.64778484140292,71.1595019170997,1.7434521541629096,1.6573131083103685,0.08613904585254106
2018-03-12,82.704,81.7585,77.8666,75.4638,72.59665,82.64950822701724,80.90128226055826,66.82137005291284,1.7482259664589748,1.67549567994009,0.0727302865188848
2018-03-13,82.832,82.0765,78.1146,75.562,72.6812,82.82496849978382,81.11526135236876,64.95563728920895,1.7097071474150596,1.6823379734350838,0.027369173979975736
2018-03-14,82.993,82.35249999999999,78.3668,75.65889999999999,72.7654,82.94881949981708,81.30153828923034,63.85840454191565,1.6472812105867405,1.6753266208654154,-0.02804541027867491
2018-03-15,83.412,82.603,78.6444,75.7645,72.8571,83.2382318844606,81.56290582336143,68.19741134859075,1.6753260610991703,1.6753265089121665,-4.4781299624041537e-07
2018-03-16,83.744,82.7645,78.9054,75.8625,72.94555,83.44773467146666,81.7878757623717,66.54829529517038,1.6598589090949645,1.6722329889487262,-0.01237407985376171
2018-03-19,83.898,82.9075,79.128,75.95660000000001,73.02765000000001,83.50346779893333,81.93766274293677,61.08445529075538,1.565805055996563,1.6509474023582937,-0.08514234636173068
2018-03-20,84.022,83.046,79.34819999999999,76.05279999999999,73.11185,83.62754967602051,82.11339142864514,63.1468116120205,1.514158247375363,1.6235895713617077,-0.1094313239863447
2018-03-21,84.032,83.12349999999999,79.5478,76.1438,73.1908,83.5848497258635,82.20499206356031,56.91061525460122,1.3798576623031948,1.574843189550005,-0.19498552724681018
2018-03-22,83.80699999999999,83.0915,79.69800000000001,76.20769999999999,73.2586,83.18256515265374,82.11351116996326,45.036021100484206,1.0690539826904768,1.4736853481780994,-0.4046313654876226
2018-03-23,83.26199999999999,82.928,79.8038,76.24640000000001,73.3201,82.579093590707,81.9021399721882,38.77579471290038,0.6769536185188088,1.3143390022462413,-0.6373853837274326
2018-03-26,83.018,82.861,79.9562,76.30760000000001,73.3939,82.4330791921367,81.88198145572981,49.295698104304186,0.5510977364068879,1.1616907490783708,-0.6105930126714829
2018-03-27,82.647,82.73949999999999,80.0666,76.3517,73.46275,82.07106700873106,81.74850134789797,43.973974106181956,0.32256566083309224,0.9938657314293151,-0.6713000705962229
2018-03-28,82.251,82.622,80.1654,76.413,73.52965,81.7016720843109,81.59453828509072,42.662011385445815,0.10713379922017907,0.816519344987488,-0.709385545767309
2018-03-29,81.818,82.615,80.2586,76.4744,73.60000000000001,81.51679945595538,81.513461375084,46.163718002098726,0.003338080871372995,0.653883092164265,-0.650545011292892
2018-04-02,81.279,82.5115,80.3078,76.5238,73.6637,81.16190723196225,81.34283460655926,41.882510211243535,-0.1809273745970188,0.4869209988120083,-0.667848373409027
2018-04-03,80.90299999999999,82.4005,80.363,76.57650000000001,73.732,80.99084458089114,81.24706908014747,45.431323934917216,-0.2562244992563336,0.3382918991983399,-0.5945163984546735
2018-04-04,80.544,82.283,80.4182,76.6372,73.80265,80.94917618383096,81.20802692606247,48.150879579451775,-0.25885074223151605,0.2188633709123687,-0.4777141131438848
2018-04-05,80.301,82.1665,80.4714,76.70259999999999,73.87025,80.94468754016465,81.186691598206,48.96846481837138,-0.24200405804134562,0.12668988512162585,-0.36869394316297144
2018-04-06,80.111,81.95899999999999,80.48379999999999,76.7539,73.92925,80.65627407244702,81.0298996279685,42.320762700163364,-0.37362555552148535,0.026626796993003618,-0.400252352514489
2018-04-09,80.076,81.669,80.503,76.8004,73.98425,80.38761652283978,80.87287002589676,41.79233612879789,-0.4852535030569811,-0.07574926301699333,-0.40950424003998775
2018-04-10,79.953,81.4855,80.543,76.8588,74.05064999999999,80.38952167317211,80.83784261657107,48.27008219293374,-0.44832094339895434,-0.15026359909338555,-0.2980573443055688
2018-04-11,79.938,81.29249999999999,80.5786,76.9084,74.1134,80.31882603114563,80.77059501534357,46.511743075148445,-0.4517689841979404,-0.21056467611429652,-0.2412043080836439
2018-04-12,80.126,81.1885,80.65440000000001,76.983,74.18384999999999,80.50823741096937,80.82832871791072,52.88272799813432,-0.32009130694135024,-0.23247000227970727,-0.08762130466164297
2018-04-13,80.158,80.988,80.7112,77.03739999999999,74.2553,80.55620088620485,80.82771177584326,49.99304469816818,-0.27151088963840664,-0.24027817975144716,-0.031232709886959475
2018-04-16,80.414,80.8465,80.7966,77.126,74.329,80.7429392114041,80.89751090355857,53.55022166813272,-0.15457169215446243,-0.22313688223205025,0.06856519007758782
2018-04-17,80.628,80.7655,80.92599999999999,77.22890000000001,74.40925,80.96556394811117,80.9932508366283,55.07183433445439,-0.027686888517138186,-0.18404688348906784,0.15635999497192965
2018-04-18,80.826,80.685,81.1142,77.3382,74.49075,81.23240026378636,81.11967670058176,56.91739364599024,0.11272356320459664,-0.12469279415033495,0.2374163573549316
2018-04-19,80.97099999999999,80.636,81.2836,77.4448,74.56909999999999,81.40741560781923,81.21229324127941,55.333500385176414,0.1951223665398203,-0.0607297620123039,0.2558521285521242
2018-04-20,81.241,80.676,81.3886,77.5398,74.6435,81.46319782200088,81.25360485303649,52.47426903069761,0.20959296896438673,-0.006665215816965775,0.2162581847813525
2018-04-23,81.507,80.7915,81.51679999999999,77.6315,74.7199,81.47962892630844,81.27704153058934,51.518640783697904,0.20258739571909246,0.03518530649024587,0.16740208922884658
2018-04-24,81.547,80.75,81.607,77.7108,74.7891,81.37507062995329,81.24170512091607,47.90171919132257,0.133365509037219,0.0548213469996405,0.0785441620375785
2018-04-25,81.645,80.7915,81.6766,77.7988,74.85725000000001,81.30352130226817,81.21713437121859,48.458416470175735,0.0863869310495744,0.06113446380962728,0.02525246723994712
2018-04-26,81.663,80.8945,81.749,77.8933,74.9279,81.36913340961152,81.255124417795,52.530495993871796,0.1140089918165188,0.07170936941100559,0.042299622405513215
2018-04-27,81.743,80.9505,81.785,77.9959,74.99535,81.4077282696713,81.28215223869908,51.937700724726476,0.12557603097221204,0.08248270172324687,0.04309332924896517
2018-04-30,81.748,81.081,81.794,78.1109,75.06495000000001,81.47115468972187,81.32199281361027,52.976730617848354,0.1491618761116058,0.09581853660091866,0.05334333951068715
2018-05-01,81.71099999999998,81.1695,81.8114,78.2248,75.1299,81.52482319899543,81.35888223482432,52.976730617848354,0.1659409641711136,0.10984302211495764,0.05609794205615595
2018-05-02,81.579,81.2025,81.8082,78.3236,75.19234999999999,81.50254270684229,81.36044651372622,50.20734880504799,0.1420961931160747,0.11629365631518106,0.02580253680089363
2018-05-03,81.478,81.2245,81.79939999999999,78.42110000000001,75.2552,81.48061305963579,81.36041343863539,50.07919926212267,0.1201996210003955,0.11707484925222394,0.003124771748171551
2018-05-04,81.518,81.37950000000001,81.8106,78.5246,75.31855,81.58667258892258,81.4203828135513,55.07989303754673,0.16628977537128264,0.1269178344760357,0.039371940895246954
2018-05-07,81.14699999999999,81.327,81.7172,78.58760000000001,75.35804999999999,81.01333834447296,81.15665075328823,34.993174475433975,-0.14331240881527663,0.07287178581777323,-0.21618419463304986
2018-05-08,80.622,81.08449999999999,81.5688,78.6286,75.3859,80.17282475301558,80.7413432900817,28.908227901998075,-0.5685185370661259,-0.05540627875900659,-0.5131122583071193
2018-05-09,80.034,80.8395,81.4192,78.667,75.41125,79.38162094485934,80.31828082414972,27.738893808358426,-0.9366598792903886,-0.23165699886528301,-0.7050028804251056
2018-05-10,79.456,80.55949999999999,81.2978,78.7084,75.44115,78.85367926103483,79.9947044668053,32.90956495469992,-1.1410252057704753,-0.41353064024632147,-0.7274945655241538
2018-05-11,78.952,80.3475,81.2166,78.7534,75.4738,78.50388245164486,79.74176339519009,36.272412620901406,-1.2378809435452354,-0.5784007009061043,-0.6594802426391311
2018-05-14,78.356,80.05199999999999,81.1082,78.7933,75.5045,78.09713130523795,79.45422536591676,34.16474830588699,-1.3570940606788042,-0.7341393728606442,-0.62295468781816
2018-05-15,77.72,79.71549999999999,80.972,78.82860000000001,75.53519999999999,77.6914187967398,79.15835682029329,33.01692816148223,-1.466938023553496,-0.8806991029992146,-0.5862389205542813
2018-05-16,77.12100000000001,79.35,80.8184,78.8554,75.56555,77.33735436647213,78.87921927804935,32.809191153270135,-1.5418649115772212,-1.012932264714816,-0.5289326468624052
2018-05-17,76.563,79.0205,80.669,78.8892,75.59689999999999,77.09776138701487,78.64964747967532,35.25343858207954,-1.5518860926604532,-1.1207230303039435,-0.4311630623565097
2018-05-18,75.95,78.73400000000001,80.5254,78.93260000000001,75.6345,76.93502886593566,78.45634025895863,36.901405198672286,-1.5213113930229696,-1.2008407028477488,-0.3204706901752208
2018-05-21,75.739,78.44300000000001,80.3462,78.9777,75.6635,76.7527167327148,78.25587061014689,35.806680062303656,-1.5031538774320836,-1.261303337764616,-0.24185053966746772
2018-05-22,75.708,78.16499999999999,80.1696,79.0181,75.6838,76.51999108152792,78.03247278717305,33.90190726969183,-1.5124817056451292,-1.3115390113407186,-0.20094269430441059
2018-05-23,75.78099999999999,77.9075,80.009,79.0618,75.71465,76.40306937667748,77.86414146960468,37.549710710784865,-1.4610720929271963,-1.3414456276580142,-0.11962646526918208
2018-05-24,75.779,77.61749999999999,79.855,79.1109,75.7429,76.33028947257326,77.72087173111545,38.739992549106496,-1.3905822585421959,-1.3512729538348505,-0.039309304707345394
2018-05-25,75.699,77.3255,79.67399999999999,79.1592,75.76675,76.24562955371583,77.57710345473653,38.05085362943024,-1.3314739010207006,-1.3473131432720207,0.01583924225132005
2018-05-29,75.554,76.955,79.47019999999999,79.18780000000001,75.78875,75.96322500699031,77.34250319883012,32.384558211338685,-1.379278191839802,-1.353706152985577,-0.0255720388542251
2018-05-30,75.577,76.6485,79.3078,79.2179,75.81415,75.92119039053026,77.22009555447234,41.19544926444144,-1.2989051639420808,-1.342745955176878,0.043840791234797116
2018-05-31,75.57300000000001,76.347,79.12859999999999,79.2384,75.8317,75.83331494583328,77.08156995784475,39.71503743005131,-1.2482550120114695,-1.3238477665437964,0.07559275453232694
2018-06-01,75.682,76.1225,78.99900000000001,79.2734,75.8577,75.99280495416662,77.06589810911552,48.60680805177516,-1.0730931549489071,-1.2736968442248187,0.20060368927591155
2018-06-04,75.8,75.875,78.92399999999999,79.311,75.8835,76.18160419198713,77.07731306399586,50.42020597161514,-0.8957088720087256,-1.1980992497816,0.3023903777728745
2018-06-05,75.928,75.8335,78.8794,79.3416,75.9167,76.31212662398912,77.07380839258876,49.40115739836413,-0.7616817685996438,-1.1108157535452088,0.349133984945565
2018-06-06,76.218,75.963,78.8096,79.3829,75.95705,76.59333791260619,77.1527855486933,55.10936873356226,-0.5594476360871141,-1.00054213005359,0.4410944939664758
2018-06-07,76.31400000000001,76.0475,78.7424,79.4045,75.99305,76.61282438758985,77.12072735990121,47.69635653475501,-0.5079029723113564,-0.9020142985051433,0.39411132619378686
2018-06-08,76.43199999999999,76.1055,78.6912,79.4283,76.02785,76.68931294334526,77.11993274064926,49.69768422242126,-0.43061979730400424,-0.8077353982649155,0.37711560096091123
2018-06-11,76.551,76.125,78.62060000000001,79.4396,76.0626,76.73249556744598,77.10882661171227,48.97325930262157,-0.37633104426629416,-0.7214545274651912,0.3451234831988971
2018-06-12,76.93499999999999,76.2445,78.6014,79.4546,76.10475,76.9659577878389,77.19335797380765,55.37763022765341,-0.22740018596874734,-0.6226436591659025,0.39524347319715514
2018-06-13,77.16799999999999,76.3725,78.5608,79.4619,76.14595,77.12811812817138,77.25459071648856,54.06454253548869,-0.1264725883171849,-0.5234094449961589,0.39693685667897405
2018-06-14,77.488,76.5305,78.5174,79.46780000000001,76.18889999999999,77.34686918537578,77.35054695971164,56.61729502239526,-0.003677774335855588,-0.4194631108640983,0.41578533652824273
2018-06-15,77.871,76.7765,78.513,79.4922,76.24415,77.86273546454873,77.59865459232559,65.09213055627356,0.2640808722231469,-0.2827543142466493,0.5468351864697962
2018-06-18,78.15,76.975,78.53179999999999,79.5078,76.29585,78.19308385461815,77.77727277067184,60.97529183937646,0.41581108394630917,-0.14304123460805762,0.5588523185543668
2018-06-19,78.36699999999999,77.14750000000001,78.5376,79.52029999999999,76.338,78.34799403083075,77.8826599728443,56.460856471660534,0.46533405798645333,-0.021366176089155434,0.48670023407560875
2018-06-20,78.435,77.3265,78.506,79.5245,76.37795,78.42061033377986,77.95209256744842,54.425071873157286,0.4685177663314448,0.07661061239496463,0.3919071539364802
2018-06-21,78.53099999999999,77.4225,78.461,79.5198,76.41365,78.30667028242911,77.93193756245223,48.746563092983806,0.3747327199768762,0.13623503391134695,0.23849768606552924
2018-06-22,78.69000000000001,77.56099999999999,78.404,79.5292,76.4525,78.36718254667078,77.98883107634467,53.42859760024192,0.37835147032610905,0.18465832119429937,0.19369314913180968
2018-06-25,78.789,77.66999999999999,78.3468,79.529,76.48519999999999,78.30453907795219,77.98669544105988,49.869324335553756,0.3178436368923059,0.21129538433390066,0.10654825255840522
2018-06-26,78.809,77.872,78.2804,79.5385,76.52195,78.32691768134416,78.02101429727767,52.14276790113342,0.30590338406648243,0.23021698428041704,0.0756863997860654
2018-06-27,78.745,77.9565,78.1842,79.5551,76.54795,78.18123803806044,77.9735317567386,47.11775071848399,0.20770628132184754,0.22571484368870315,-0.018008562366855607
2018-06-28,78.792,78.14000000000001,78.11059999999999,79.61240000000001,76.57884999999999,78.3102783398973,78.05104792290611,54.37527479781634,0.259230416991187,0.23241795834919993,0.026812458641987058
2018-06-29,78.62100000000001,78.24600000000001,78.04299999999999,79.66329999999999,76.61245,78.41485090299001,78.12059992861677,54.22866278646918,0.29425097437324155,0.24478456155400827,0.04946641281923328
2018-07-02,78.569,78.3595,77.9974,79.693,76.6512,78.58025845637616,78.22203697094146,56.34151992058279,0.35822148543469723,0.26747194633014604,0.09074953910455119
2018-07-03,78.639,78.503,77.964,79.7404,76.6916,78.78329561693367,78.3463305286495,58.05150171072824,0.43696508828416825,0.3013705747209505,0.13559451356321772
2018-07-05,78.746,78.5905,77.9458,79.77640000000001,76.73085,78.9535578297131,78.4606764154162,57.99184070174975,0.49288141429690313,0.33967274263614106,0.15320867166076207
2018-07-06,79.034,78.7825,77.9388,79.80770000000001,76.77114999999999,79.20070277898802,78.61618186612611,60.89187799299747,0.5845209128619047,0.3886423766812938,0.19587853618061085
2018-07-09,79.262,78.976,77.9238,79.8364,76.81375,79.47444081298985,78.79127950567234,62.63333761601982,0.6831613073175191,0.44754616280853887,0.23561514450898025
2018-07-10,79.641,79.215,77.9264,79.8557,76.8632,79.82452684176064,79.01044398673365,65.65301909250397,0.8140828550269958,0.5208535012522303,0.29322935377476556
2018-07-11,79.955,79.38199999999999,77.9218,79.8579,76.91085,80.09613809687438,79.20152220993856,64.48684893411166,0.8946158869358243,0.5956059783889491,0.29900990854687515
2018-07-12,80.549,79.64699999999999,77.95179999999999,79.88159999999999,76.96900000000001,80.5921168512014,79.506594638832,70.57324719241444,1.0855222123693977,0.6935892251850388,0.39193298718435887
2018-07-13,80.81800000000001,79.80499999999999,77.9584,79.8833,77.01944999999999,80.76409887409349,79.66980985077036,60.22813856958257,1.0942890233231282,0.7737291848126567,0.32055983851047143
2018-07-16,81.115,79.868,77.9704,79.8849,77.0697,80.94808366269449,79.83945356552812,61.17973384943529,1.108630097166369,0.8407093672833992,0.2679207298829698
2018-07-17,81.44,80.0045,77.9818,79.8962,77.12270000000001,81.22376309920303,80.05430885697048,64.0683682507255,1.169454242232547,0.9064583422732289,0.26299589995931805
2018-07-18,81.683,80.16099999999999,78.0712,79.8942,77.17165,81.39395339163333,80.22287857126896,61.47876550920209,1.1710748203643675,0.9593816378914566,0.2116931824729109
2018-07-19,81.932,80.339,78.2078,79.8883,77.2213,81.5456528698436,80.38266534376756,61.68217031829542,1.1629875260760372,1.0001028155283727,0.1628847105476645
2018-07-20,82.1,80.567,78.352,79.88560000000001,77.26974999999999,81.65247550525227,80.52024568867367,60.71544538446218,1.132229816578601,1.0265282157384183,0.10570160084018254
2018-07-23,82.26899999999999,80.7655,78.4864,79.89209999999999,77.31985,81.80901773521346,80.67948674877191,62.65160145292514,1.1295309864415515,1.047128769879045,0.08240221656250646
2018-07-24,82.32,80.9805,78.6,79.9083,77.36515,81.8783996221037,80.79656180441843,59.63366484820669,1.081837817685269,1.0540705794402898,0.027767238244979175
2018-07-25,82.44500000000001,81.2,78.7396,79.92389999999999,77.41035,82.02633814178006,80.94792759668373,62.39342025682687,1.0784105450963324,1.0589385725714984,0.019471972524834014
2018-07-26,82.38499999999999,81.467,78.8848,79.9284,77.4557,82.13305535073698,81.0791922191516,61.45723409347018,1.0538631315853877,1.0579234843742762,-0.004060352788888499
2018-07-27,82.36999999999999,81.594,79.0082,79.91329999999999,77.4935,82.04489298908513,81.11480761032556,53.15443783856001,0.9300853787595713,1.0323558632513352,-0.1022704844917639
2018-07-30,82.25,81.68249999999999,79.1078,79.8884,77.5293,81.84721714461048,81.08852556511626,48.30734619540643,0.7586915794942257,0.9776230064999133,-0.21893142700568757
2018-07-31,82.126,81.783,79.217,79.8712,77.56635,81.79379912236271,81.11900515288542,52.61198425971827,0.6747939694772924,0.9170571990953892,-0.24226322961809676
2018-08-01,82.102,81.8925,79.3438,79.845,77.6049,81.83936848815307,81.19093069711613,55.774179544958294,0.6484377910369403,0.8633333174836995,-0.21489552644675913
2018-08-02,81.55,81.741,79.3762,79.77289999999999,77.61835,81.07331179766798,80.87012101584827,34.07051031794475,0.20319078181971406,0.7313048103509024,-0.5281140285311884
2018-08-03,81.10799999999999,81.604,79.4174,79.7132,77.63759999999999,80.57280229033445,80.64418612578544,38.77973492651836,-0.07138383545098748,0.5707670811905244,-0.6421509166415119
2018-08-06,80.69,81.4795,79.4686,79.6618,77.66035,80.25237116874455,80.48461678313467,41.89892685048324,-0.23224561439012348,0.41016454207439484,-0.6424101564645184
2018-08-07,80.271,81.29549999999999,79.5144,79.5942,77.67935,79.91662175816846,80.30575628068024,40.505698854685974,-0.3891345225117817,0.25030472915715957,-0.6394392516689413
2018-08-08,79.71099999999998,81.078,79.571,79.5206,77.69155,79.50483379537332,80.07866322285207,37.82866540315611,-0.5738294274787563,0.0854778978299764,-0.6593073253087327
2018-08-09,79.065,80.725,79.58239999999999,79.4451,77.70085,79.00562859608512,79.79579928041859,34.89610298206435,-0.790170684333475,-0.08965181860271389,-0.7005188657307612
2018-08-10,78.465,80.4175,79.5866,79.3576,77.7052,78.47553188899509,79.48203637075795,32.932269953536675,-1.0065044817628603,-0.2730223512347432,-0.7334821305281172
2018-08-13,77.931,80.09049999999999,79.5576,79.2783,77.71105,78.00545005991893,79.18114478773886,32.53787486887933,-1.1756947278199306,-0.4535568265517807,-0.7221379012681499
2018-08-14,77.303,79.7145,79.5176,79.2208,77.71425,77.57691928146986,78.88772665531376,31.949225337375893,-1.3108073738439003,-0.6250069360102046,-0.6858004378336957
2018-08-15,76.548,79.325,79.4678,79.1736,77.71,77.10970093047449,78.56567282899422,29.964337808755445,-1.455971898519735,-0.7911999285121107,-0.6647719700076242
2018-08-16,76.37199999999999,78.961,79.407,79.1083,77.70795,76.80051617193995,78.3089563231428,33.621680228586,-1.5084401512028478,-0.9346479730502582,-0.5737921781525896
2018-08-17,76.146,78.627,79.38380000000001,79.0631,77.70739999999999,76.60966753010302,78.10532992883593,36.552669483239086,-1.4956623987329039,-1.0468508581867875,-0.4488115405461164
2018-08-20,75.788,78.239,79.33980000000001,79.0155,77.71425,76.34818021777949,77.86863882299622,34.2512062035737,-1.5204586052167315,-1.1415724075927762,-0.37888619762395526
2018-08-21,75.47099999999999,77.871,79.29839999999999,78.95949999999999,77.71695,76.12538326119802,77.64873965092242,34.21551350868049,-1.5233563897243982,-1.2179292040191008,-0.3054271857052975
2018-08-22,75.273,77.49199999999999,79.23859999999999,78.92,77.72189999999999,75.99224737485987,77.47179597307631,36.77005780659475,-1.4795485982164394,-1.2702530828585685,-0.20929551535787083
2018-08-23,75.15799999999999,77.1115,79.1804,78.8706,77.72355,75.85651700949681,77.29684812321881,36.140326246158814,-1.4403311137219958,-1.3042686890312543,-0.1360624246907416
2018-08-24,75.188,76.8265,79.1266,78.822,77.7296,75.85705285418962,77.1904149289063,41.53211897990172,-1.333362074716689,-1.3100873661683412,-0.02327470854834779
2018-08-27,75.307,76.619,79.0448,78.77890000000001,77.74074999999999,75.97289087662199,77.1474212304688,46.4053049082946,-1.174530353846805,-1.282975963704034,0.10844560985722906
2018-08-28,75.451,76.377,78.9778,78.75479999999999,77.75434999999999,76.07859997252629,77.11131595413777,46.72410599818645,-1.0327159816114744,-1.2329239672855223,0.20020798567404796
2018-08-29,75.76599999999999,76.15700000000001,78.9476,78.7426,77.7715,76.32650766906072,77.15418143901644,52.9349222047098,-0.8276737699557231,-1.1518739278195627,0.3242001578638396
2018-08-30,75.995,76.18350000000001,78.919,78.7125,77.78564999999999,76.4901218738206,77.17164948057078,51.06754677521931,-0.6815276067501799,-1.0578046636056861,0.3762770568555063
2018-08-31,76.282,76.214,78.934,78.6975,77.80295,76.78856466246359,77.26486063015813,56.761996480240896,-0.47629596769453997,-0.941502924423457,0.465206956728917
2018-09-04,76.355,76.0715,78.8728,78.6384,77.8107,76.61186240669996,77.14450058347974,42.479854656578766,-0.5326381767797841,-0.8597299748947225,0.3270917981149384
2018-09-05,76.394,75.9325,78.8194,78.5831,77.81025000000001,76.40849895951536,77.00713016988865,41.08332616386851,-0.5986312103732985,-0.8075102219904378,0.2088790116171393
2018-09-06,76.44000000000001,75.85650000000001,78.76480000000001,78.5226,77.8243,76.30257604266684,76.91178719434134,43.5391612445841,-0.6092111516745007,-0.7678504079272505,0.15863925625274977
2018-09-07,76.50200000000001,75.83000000000001,78.7318,78.458,77.84344999999999,76.2144874207181,76.8242474021679,43.59804173097573,-0.6097599814497983,-0.7362323226317601,0.12647234118196182
2018-09-10,76.47200000000001,75.83,78.6626,78.3866,77.86240000000001,76.11379704829993,76.73059944645176,42.781250358879035,-0.6168023981518331,-0.7123463377357747,0.09554393958394158
2018-09-11,76.47200000000001,75.8895,78.615,78.32900000000001,77.8869,76.1901359639461,76.72166615412199,49.12146314255082,-0.5315301901758858,-0.6761831082237969,0.14465291804791114
2018-09-12,76.376,75.9135,78.5392,78.2683,77.90405,76.11473043103132,76.64598717974259,44.51748870147687,-0.5312567487112716,-0.6471978363212919,0.11594108761002031
2018-09-13,76.327,76.04650000000001,78.48519999999999,78.2246,77.92805,76.28169498010342,76.68702516642833,52.43179607814465,-0.40533018632490325,-0.5988243063220142,0.19349411999711097
2018-09-14,76.21600000000001,76.10549999999999,78.413,78.1794,77.9451,76.28143421393366,76.6568751541003,47.91709941732046,-0.37544094016664076,-0.5541476330909395,0.17870669292429875
2018-09-17,75.969,76.1255,78.321,78.12989999999999,77.96435000000001,76.2319827964054,76.60525477231509,46.41988254584702,-0.3732719759096881,-0.5179725016546892,0.14470052574500114
2018-09-18,76.09299999999999,76.224,78.239,78.08139999999999,77.98734999999999,76.33167775080457,76.62560627066213,51.14612245727499,-0.29392851985755897,-0.4731637052952632,0.17923518543770423
2018-09-19,76.174,76.284,78.126,78.0262,78.01105000000001,76.29603501991157,76.5866724728353,47.33391938075738,-0.29063745292373255,-0.4366584548209571,0.14602100189722456
2018-09-20,76.31899999999999,76.37950000000001,78.0376,77.97970000000001,78.0453,76.43049117069441,76.62988191929195,52.55789479137795,-0.19939074859753703,-0.3892049135762731,0.1898141649787361
2018-09-21,76.50699999999999,76.5045,77.9234,77.9376,78.08120000000001,76.61195406751065,76.70248325860365,54.55415825586886,-0.09052919109299751,-0.32946976907961806,0.23894057798662055
2018-09-24,76.678,76.575,77.8346,77.8965,78.11005,76.71319190327824,76.74452153574413,52.70852382526434,-0.031329632465883606,-0.26984174175687115,0.23851210929098754
2018-09-25,76.699,76.5855,77.7318,77.8511,78.1361,76.72962391815851,76.75011253309641,50.28378980110283,-0.02048861493790355,-0.21997111639307765,0.1994825014551741
2018-09-26,76.80799999999999,76.59200000000001,77.6128,77.79729999999999,78.16095,76.73891254613413,76.75306716027445,50.11826134135186,-0.014154614140323929,-0.17880781594252693,0.164653201802203
2018-09-27,76.764,76.5455,77.5014,77.7863,78.18695,76.7421567698058,76.75358070395784,49.94121438966785,-0.011423934152034576,-0.14533103958442847,0.1339071054323939
2018-09-28,76.851,76.53349999999999,77.3968,77.8023,78.21545,76.80490188214337,76.78294509625725,52.30026086447797,0.02195678588611827,-0.11187347449031913,0.13383026037643742
2018-10-01,76.953,76.461,77.2916,77.8218,78.2444,76.83184005412132,76.79754175579374,51.168313359387966,0.034298298327570365,-0.08263911992674124,0.1169374182543116
2018-10-02,76.99300000000001,76.54299999999999,77.1838,77.8351,78.27175,76.90078773810265,76.83327940351273,53.09750509668156,0.06750833458991679,-0.05260962902340963,0.12011796361332641
2018-10-03,77.039,76.60650000000001,77.0698,77.8349,78.29415,76.84835885531763,76.81303648473401,48.17803139240479,0.035322370583614315,-0.035023229102004845,0.07034559968561915
2018-10-04,76.932,76.6255,76.935,77.8373,78.3153,76.7332267237303,76.7602189673463,45.2909065694999,-0.026992243616007272,-0.033417032004805336,0.006424788388798064
2018-10-05,76.69200000000001,76.5995,76.78479999999999,77.8348,78.3317,76.49888415084871,76.64538793272806,40.26349089513081,-0.1465037818793462,-0.05603438197971351,-0.0904693998996327
2018-10-08,76.376,76.527,76.6358,77.822,78.3387,76.1313635122566,76.45758141919265,35.08043270734795,-0.32621790693605135,-0.11007108697098109,-0.21614681996507026
2018-10-09,76.091,76.395,76.5,77.8039,78.34655000000001,75.7988460488325,76.27331612888209,34.472208363641414,-0.4744700800495849,-0.18295088558670186,-0.29151919446288305
2018-10-10,75.55600000000001,76.182,76.2988,77.7579,78.34525,75.12825434901211,75.91529271192785,25.77507749052633,-0.7870383629157374,-0.303768381052509,-0.4832699818632284
2018-10-11,74.909,75.8365,76.0628,77.7033,78.3405,74.38390752608717,75.49860436289615,22.94175772769526,-1.1146968368089745,-0.4659540722038021,-0.6487427646051724
2018-10-12,74.411,75.631,75.969,77.6726,78.34535,74.0433063682276,75.25204107675569,35.43650160744593,-1.208734708528084,-0.6145101994686585,-0.5942245090594255
2018-10-15,73.91400000000002,75.43350000000001,75.8528,77.6351,78.34845,73.7304900038849,75.0118898858849,34.91758299191423,-1.2813998820000023,-0.7478881359749273,-0.533511746025075
2018-10-16,73.53599999999999,75.2645,75.753,77.6108,78.36085,73.69503000328721,74.89989804248602,43.25157687821865,-1.2048680391988,-0.8392841166197018,-0.3655839225790982
2018-10-17,73.279,75.159,75.6714,77.5929,78.37605,73.74041000278149,74.83249818748705,45.71350734546573,-1.0920881847055597,-0.8898449302368734,-0.2022432544686863
2018-10-18,73.02799999999999,74.97999999999999,75.5984,77.5847,78.38625,73.71727000235357,74.74046128471024,44.03408638416869,-1.0231912823566631,-0.9165142006608313,-0.10667708169583179
2018-10-19,72.876,74.784,75.54700000000001,77.5647,78.39129999999999,73.7130746173761,74.66264933769466,44.582223005572544,-0.9495747203185658,-0.9231263045923783,-0.026448415726187502
2018-10-22,72.824,74.6,75.5076,77.5471,78.39274999999999,73.6941400608567,74.58319383119877,44.11689961039982,-0.8890537703420733,-0.9163117977423174,0.027258027400244078
2018-10-23,72.768,74.4295,75.46740000000001,77.5125,78.39294999999998,73.65042620534028,74.49629058444332,43.24200413464649,-0.845864379103034,-0.9022223140144607,0.05635793491142671
2018-10-24,72.639,74.0975,75.366,77.4418,78.3764,73.11189909682639,74.1743431337438,31.18124955815827,-1.0624440369174124,-0.9342666585950512,-0.1281773783223612
2018-10-25,72.75800000000001,73.83349999999999,75.3048,77.3863,78.36395,72.86083769731464,73.9747621608739,38.693867604839326,-1.1139244635592576,-0.9701982195878925,-0.14372624397136502
2018-10-26,72.59400000000001,73.50250000000001,75.21340000000001,77.31020000000001,78.34655000000001,72.50224728234315,73.71959459340175,35.69632935159294,-1.217347311058603,-1.0196280378820348,-0.19771927317656823
2018-10-29,72.31500000000001,73.11449999999999,75.0866,77.2352,78.31985,71.99728616198266,73.3862912901868,32.01345035041227,-1.389005128204147,-1.0935034559464574,-0.29550167225768953
2018-10-30,71.617,72.5765,74.91879999999999,77.1293,78.2788,71.15462675244686,72.87767712054332,26.048310806089376,-1.723050368096466,-1.219412838376459,-0.5036375297200069
2018-10-31,71.12100000000001,72.2,74.8014,77.04990000000001,78.24475,70.82776109822427,72.59266400050308,37.67475155475256,-1.7649029022788056,-1.3285108511569284,-0.4363920511218773
2018-11-01,70.64,71.834,74.6718,76.9552,78.2049,70.51272092926669,72.31024444491025,37.04995682021355,-1.7975235156435616,-1.4223133840542552,-0.3752101315893064
2018-11-02,70.22099999999999,71.5485,74.5596,76.87,78.16595000000001,70.3569177093795,72.10207818973173,40.129437430458744,-1.7451604803522258,-1.4868828033138495,-0.25827767703837634
2018-11-05,69.808,71.316,74.4316,76.7791,78.12344999999999,70.21893036947496,71.90636869419605,40.01232919074052,-1.6874383247210858,-1.5269939075952967,-0.16044441712578905
2018-11-06,69.43199999999999,71.1,74.2924,76.6686,78.0804,70.13140262032496,71.73923027240374,40.89465589702198,-1.6078276520787824,-1.543160656491994,-0.06466699558678846
2018-11-07,69.554,71.0965,74.18660000000001,76.5822,78.045,70.32195606335189,71.71187988185531,48.307046561280906,-1.3899238185034193,-1.5125132888942792,0.12258947039085988
2018-11-08,69.53,71.144,74.05760000000001,76.5026,78.01145,70.46319359206699,71.67692581653269,47.818921711131026,-1.2137322244657014,-1.4527570760085637,0.23902485154286235
2018-11-09,69.511,71.0525,73.9166,76.4178,77.97115,70.44424073174899,71.5778942745673,44.46880647724492,-1.1336535428183083,-1.3889363693705126,0.25528282655220425
2018-11-12,69.544,70.92949999999999,73.73899999999999,76.3365,77.92815,70.30666523455683,71.4276798838586,41.70673194851144,-1.1210146493017703,-1.3353520253567641,0.2143373760549938
2018-11-13,69.853,70.735,73.61840000000001,76.24560000000001,77.8874,70.19948596770193,71.2930369294987,42.00138192302942,-1.0935509617967654,-1.2869918126447644,0.193440850847999
2018-11-14,69.70700000000001,70.414,73.464,76.1417,77.83535,69.79494966497856,71.0172564162025,35.441911966455336,-1.2223067512239396,-1.2740548003605994,0.05174804913665976
2018-11-15,69.696,70.168,73.323,76.04390000000001,77.7912,69.62188048575109,70.84338557055787,40.809785580572296,-1.221505084806779,-1.2635448572498353,0.042039772443056345
2018-11-16,69.77900000000001,70.0,73.215,75.9734,77.76424999999999,69.7308219494817,70.8053570097758,47.85600281123272,-1.0745350602941102,-1.2257428978586904,0.15120783756458023
2018-11-19,69.75399999999999,69.781,73.08800000000001,75.8753,77.74385000000001,69.65069549571528,70.68718241645908,44.046146053933526,-1.0364869207437977,-1.1878917024357118,0.15140478169191418
2018-11-20,69.55,69.491,72.90799999999999,75.7615,77.7124,69.33674234252831,70.45924297820285,39.24008967850687,-1.122500635674541,-1.1748134890834778,0.052312853408936766
2018-11-21,69.28,69.417,72.7674,75.6533,77.67315,69.23416659752395,70.32670646129894,43.628536333353416,-1.092539863774988,-1.1583587640217798,0.06581890024679193
2018-11-23,68.954,69.242,72.583,75.53410000000001,77.63725000000001,69.04121789021258,70.15287635305458,41.52600830198199,-1.1116584628420014,-1.1490187037858242,0.03736024094382273
2018-11-26,68.79499999999999,69.15299999999999,72.4324,75.4227,77.59955,68.99641513787218,70.04895958616166,44.72718085829367,-1.0525444482894812,-1.1297238526865556,0.07717940439707438
2018-11-27,68.83000000000001,69.187,72.3112,75.31609999999999,77.5619,69.13542819358415,70.03792554274227,49.20019420310177,-0.902497349158125,-1.0842785519808695,0.18178120282274457
2018-11-28,68.94500000000001,69.399,72.18879999999999,75.21390000000001,77.52515,69.38536231764813,70.09141253957618,52.308440306571555,-0.7060502219280522,-1.008632885970306,0.30258266404225376
2018-11-29,69.21799999999999,69.4625,72.0728,75.0994,77.47755000000001,69.52607580724072,70.10686346257053,50.52759563007869,-0.5807876553298144,-0.9230638398422077,0.3422761845123934
2018-11-30,69.474,69.585,71.954,74.9958,77.42685,69.78821799074214,70.19005876163938,53.94166474304039,-0.4018407708972376,-0.8188192260532138,0.4169784551559762
2018-12-03,69.63399999999999,69.70649999999999,71.8404,74.8819,77.38175,70.11772291524335,70.31894329781423,56.38160262797383,-0.20122038257088093,-0.6952994573567473,0.4940790747858663
2018-12-04,69.715,69.7345,71.6954,74.765,77.32415,70.10268862059053,70.29679934982799,48.787157330948254,-0.1941107292374653,-0.5950617117328909,0.4009509824954256
2018-12-06,69.894,69.72200000000001,71.547,74.63940000000001,77.26214999999999,69.99458267896122,70.23036976835925,46.59321925435116,-0.2357870893980305,-0.5232067872659188,0.28741969786788835
2018-12-07,69.827,69.5535,71.3712,74.492,77.19409999999999,69.68772380527489,70.06515719292524,42.000266984081186,-0.37743338765035617,-0.49405210734280636,0.11661871969245019
2018-12-10,69.73800000000001,69.34599999999999,71.17779999999999,74.3396,77.1169,69.28807398907875,69.84477517863448,39.28919887903317,-0.5567011895557243,-0.50658192378539,-0.05011926577033432
2018-12-11,69.58900000000001,69.192,70.98,74.1884,77.03835,68.97606260614356,69.65331035058747,40.067491733103935,-0.6772477444439176,-0.5407150879170955,-0.136532656526822
2018-12-12,69.402,69.11600000000001,70.801,74.04629999999999,76.96595,68.8305145128907,69.53306513943284,43.59464172588635,-0.7025506265421342,-0.5730821956421033,-0.1294684309000309
2018-12-13,69.23400000000001,69.0895,70.637,73.91040000000001,76.90125,68.86889689552291,69.4995047587341,48.08173314796928,-0.6306078632111962,-0.5845873291559219,-0.04602053405527429
2018-12-14,68.98100000000001,69.0995,70.4612,73.7655,76.8369,68.69983583467324,69.37139329512416,43.43883259833542,-0.6715574604509271,-0.601981355414923,-0.06957610503600409
2018-12-17,68.326,68.9,70.23280000000001,73.5839,76.75389999999999,68.08139955241582,69.02388268067052,34.88248292085552,-0.9424831282547075,-0.67008170998288,-0.2724014182718275
2018-12-18,67.595,68.61449999999999,70.021,73.4029,76.66565,67.54887654435184,68.69766914876901,34.73939266655093,-1.1487926044171672,-0.7658238888697375,-0.38296871554742973
2018-12-19,67.01599999999999,68.3655,69.8234,73.2296,76.57145,67.0382801529131,68.36673069330465,33.769713464284024,-1.3284505403915432,-0.8783492191740987,-0.4501013212174445
2018-12-20,66.354,68.124,69.5996,73.0498,76.4691,66.38316012938802,67.9528987900969,30.374950069277304,-1.5697386607088788,-1.016627107481055,-0.5531115532278239
2018-12-21,65.563,67.69500000000001,69.3726,72.8357,76.35345000000001,65.4149816479437,67.37046184268232,25.29474345928746,-1.9554801947386125,-1.2043977249325666,-0.7510824698060459
2018-12-24,64.856,67.297,69.16720000000001,72.615,76.23,64.58498447133698,66.82598318766881,25.17673972902017,-2.2409987163318306,-1.4117179232124193,-0.8292807931194113
2018-12-26,64.366,66.97749999999999,68.971,72.47,76.12145,64.24267916805437,66.49516961821186,35.93599142819653,-2.252490450157495,-1.5798724286014345,-0.6726180215560607
2018-12-27,63.871,66.6365,68.7924,72.3226,76.0179,64.06380544989216,66.2421940909369,38.849695148512644,-2.178388641044748,-1.6995756710900973,-0.4788129699546506
2018-12-28,63.25599999999999,66.245,68.58099999999999,72.167,75.9144,63.88937384221644,65.99684638049713,38.45727326929199,-2.107472538280689,-1.7811550445282158,-0.3263174937524731
2018-12-31,62.827,65.904,68.3708,72.0211,75.80765,63.826393251106225,65.81041331527513,40.81782035476851,-1.9840200641689023,-1.8217280484563532,-0.16229201571254914
2019-01-02,62.668000000000006,65.49699999999999,68.1608,71.8796,75.7001,63.713101981705265,65.60890121784735,39.656279470684396,-1.8957992361420821,-1.8365422859934992,-0.0592569501485829
2019-01-03,62.31600000000001,64.9555,67.90899999999999,71.72800000000001,75.58655,63.311086292212146,65.27490853504385,34.29371658677678,-1.9638222428317036,-1.86199827736114,-0.1018239654705635
2019-01-04,62.263,64.63950000000001,67.7112,71.6094,75.4835,63.37091917033335,65.15824864355912,44.797060592236086,-1.7873294732257676,-1.8470645165340658,0.05973504330829815
2019-01-07,62.345000000000006,64.3495,67.515,71.49119999999999,75.38475,63.40616237489745,65.0428228181103,44.50240444977238,-1.6366604432128469,-1.8049837018698223,0.1683232586569754
2019-01-08,62.76800000000001,64.1655,67.3984,71.3822,75.3015,63.54675277875938,64.98928038713916,47.195513764294745,-1.442527608379784,-1.7324924831718147,0.2899648747920307
2019-01-09,63.19200000000001,64.024,67.254,71.27940000000001,75.2265,63.6564831204887,64.93525961772144,46.99087083433989,-1.278776497232741,-1.641749285984,0.36297278875125905
2019-01-10,63.437,63.90150000000001,67.1396,71.1765,75.1424,63.83394725579814,64.92598112751985,49.16677523687931,-1.0920338717217106,-1.531806203131542,0.4397723314098314
2019-01-11,63.621,63.745999999999995,67.0536,71.0701,75.0666,64.00103229336766,64.9255380810369,49.61225577580928,-0.9245057876692471,-1.4103461200390832,0.48584033236983615
2019-01-14,63.79100000000001,63.5235,67.01580000000001,70.9673,74.9914,64.09779655592648,64.90364637133047,48.40781201973214,-0.8058498154039881,-1.2894468591120642,0.4835970437080761
2019-01-15,64.042,63.4345,66.955,70.8782,74.91884999999999,64.38890477809163,64.98411701049118,54.042611739134976,-0.5952122323995468,-1.1505999337695607,0.5553877013700139
2019-01-16,64.312,63.489999999999995,66.89519999999999,70.7835,74.85175,64.60445788915445,65.04381204675109,53.12373156303273,-0.43935415759663954,-1.0083507785349766,0.568996620938337
2019-01-17,64.857,63.5865,66.8362,70.6979,74.78425,64.90377206005377,65.15538152476952,56.17324235876197,-0.25160946471575585,-0.8570025157711324,0.6053930510553766
2019-01-18,65.269,63.766,66.8034,70.6175,74.71974999999999,65.35242251235319,65.35276067108289,60.76638829386146,-0.0003381587297042188,-0.6856696443628468,0.6853314856331426
2019-01-22,65.589,63.967000000000006,66.74640000000001,70.5194,74.64915,65.57512674122192,65.45996358433601,55.71592327016182,0.11516315688591305,-0.5255030841130949,0.6406662409990079
2019-01-23,65.86299999999999,64.3155,66.66019999999999,70.4234,74.5891,65.80356878103393,65.57848480031112,56.70373957461681,0.22508398072281466,-0.375385671145913,0.6004696518687276
2019-01-24,66.249,64.72049999999999,66.59779999999999,70.3277,74.53515,66.15994281472102,65.76674518547325,60.565798109176434,0.3931976292477657,-0.2216690110671773,0.614866640314943
2019-01-25,66.77000000000001,65.1035,66.5914,70.254,74.48325,66.7537977663024,66.08180109766042,66.35844374793854,0.6719966686419809,-0.04293587512534566,0.7149325437673266
2019-01-28,67.17299999999999,65.397,66.5794,70.1592,74.42835,67.09167503302511,66.29426027561149,60.9302914786467,0.7974147574136197,0.12513425138244744,0.6722805060311723
2019-01-29,67.576,65.68350000000001,66.5604,70.0894,74.3639,67.33295579717509,66.46950025519583,59.5094658403296,0.8634555419792633,0.2727985095018106,0.5906570324774527
2019-01-30,67.95700000000001,65.9995,66.605,70.0345,74.30879999999999,67.71250105914815,66.71620393999613,63.14749427092755,0.9962971191520182,0.41749823143185216,0.5787988877201661
2019-01-31,68.34599999999999,66.32900000000001,66.62519999999999,69.9741,74.24835,68.0151932038946,66.93574438888531,62.5108032282249,1.079448815009286,0.549888348147339,0.529560466861947
2019-02-01,68.705,66.78099999999999,66.6214,69.9182,74.1881,68.34208655714158,67.1730966563753,64.00886403237388,1.1689899007662916,0.6737086586711296,0.495281242095162
2019-02-04,69.05199999999999,67.16049999999998,66.663,69.8755,74.13105,68.79561170219672,67.47805245960676,67.50482720014138,1.3175592425899652,0.8024787754548968,0.5150804671350684
2019-02-05,69.49300000000001,67.541,66.735,69.8215,74.07525000000001,69.16705605570492,67.7544930181544,67.0171481860836,1.4125630375505125,0.92449562787402,0.48806740967649254
2019-02-06,70.23700000000001,68.05,66.8516,69.8095,74.0389,69.98750897021185,68.25416020199482,75.01215216708843,1.7333487682170272,1.0862662559426215,0.6470825122744057
2019-02-07,70.72399999999999,68.4865,66.9518,69.7674,73.99600000000001,70.44943066710233,68.6049631499952,66.98644773873664,1.8444675171071339,1.237906508175524,0.6065610089316098
2019-02-08,71.038,68.904,67.04,69.73620000000001,73.95779999999999,70.86644133370197,68.9423732870326,67.40921660068909,1.924068046669376,1.3751388158742945,0.5489292307950815
2019-02-11,71.44,69.3065,67.1014,69.7063,73.9181,71.19006574390167,69.24071600651166,66.38597906409092,1.9493497373900084,1.4899810001774374,0.459368737212571
2019-02-12,71.91900000000001,69.74749999999999,67.15520000000001,69.67200000000001,73.8767,71.53774793714757,69.55251482084412,67.71911647559679,1.9852331163034478,1.5890314234026395,0.3962016929008083
2019-02-13,72.297,70.127,67.2208,69.6468,73.8365,71.85194056220179,69.85084705633714,68.08825704122648,2.0010935058646453,1.6714438398950406,0.32964966596960465
2019-02-14,72.641,70.4935,67.2586,69.6063,73.79299999999999,72.04702662955536,70.09300653364551,65.24514657306054,1.9540200959098541,1.7279590910980034,0.22606100481185076
2019-02-15,72.98299999999999,70.84400000000001,67.2912,69.5658,73.7517,72.27979176346992,70.34982086448657,66.6784123507738,1.929970898983342,1.7683614526750713,0.16160944630827068
2019-02-19,73.172,71.112,67.3544,69.5249,73.7107,72.4182853383207,70.55946376341349,64.21540286184663,1.8588215749072106,1.786453477121499,0.07236809778571152
2019-02-20,73.276,71.3845,67.4114,69.4792,73.66515,72.39239528627137,70.6846886698273,58.518269993491465,1.7077066164440708,1.7707041049860135,-0.06299748854194265
2019-02-21,72.96,71.5985,67.4782,69.4247,73.61099999999999,72.2304883191527,70.73323024984009,53.51519117255082,1.4972580693126076,1.7160148978513325,-0.2187568285387249
2019-02-22,72.899,71.8115,67.584,69.3809,73.5836,72.25349011620612,70.85521319429638,57.94089662934865,1.3982769219097406,1.6524673026630143,-0.2541903807532737
2019-02-25,72.80799999999999,71.923,67.6838,69.3319,73.5671,72.25295317525133,70.9585307354596,57.20769969662509,1.294422439791731,1.5808583300887578,-0.28643589029702676
2019-02-26,72.715,72.0775,67.764,69.2825,73.55215,72.2201911482896,71.03863956987,55.97546408261505,1.181551578419601,1.5009969797549265,-0.3194454013353256
2019-02-27,72.501,72.21000000000001,67.80860000000001,69.22279999999999,73.52895000000001,72.08016174086043,71.05874034247222,51.79864273139812,1.0214213983882132,1.405081863481584,-0.3836604650933708
2019-02-28,72.241,72.269,67.87280000000001,69.167,73.50095,71.91090608842038,71.05290772451131,49.98293592001237,0.8579983639090614,1.2956651635670795,-0.43766679965801814
2019-03-01,72.142,72.3915,68.0218,69.1273,73.4823,71.94461284404801,71.13269233751048,55.797802887172224,0.8119205065375326,1.1989162321611702,-0.3869957256236376
2019-03-04,71.962,72.4725,68.16460000000001,69.0928,73.4638,71.91621086804062,71.17915957176896,53.63719377784018,0.7370512962716589,1.106543244983268,-0.36949194871160906
2019-03-05,71.78299999999999,72.4775,68.3078,69.0656,73.4438,71.83525534988053,71.19477738126757,51.490021644135886,0.6404779686129558,1.0133301897092055,-0.3728522210962497
2019-03-06,71.704,72.49000000000001,68.48140000000001,69.04050000000001,73.4222,71.77752375759121,71.21442350117368,51.882472353057636,0.5631002564175276,0.92328420305087,-0.3601839466333424
2019-03-07,71.80300000000001,72.3815,68.7262,69.04939999999999,73.40365,71.86252010257718,71.29705879738304,56.583714270675344,0.565461305194134,0.8517196234795228,-0.28625831828538884
2019-03-08,71.68,72.2895,68.9488,69.05799999999999,73.38065,71.7529016252576,71.28616555313245,49.51709217900306,0.46673607212515833,0.7747229132086499,-0.3079868410834916
2019-03-11,71.69000000000001,72.249,69.1486,69.0598,73.36619999999999,71.84476291367952,71.36496810475226,55.59108777032054,0.47979480892725235,0.7157372923523705,-0.23594248342511814
2019-03-12,71.664,72.1895,69.32260000000001,69.0575,73.3463,71.83479938849806,71.39571120810395,52.367984209186986,0.43908818039410846,0.6604074699607181,-0.22131928956660962
2019-03-13,71.654,72.07750000000001,69.4882,69.0346,73.3227,71.7386764056522,71.38195482231848,49.29035885406562,0.35672158333372295,0.599670292635319,-0.24294870930159607
2019-03-14,71.649,71.94500000000001,69.6372,69.00399999999999,73.29845,71.61426465093648,71.34847668733192,47.80413835222606,0.26578796360455215,0.5328938268291656,-0.2671058632246135
2019-03-15,71.649,71.8955,69.818,68.9894,73.28705,71.6936085507924,71.4063673030851,54.180584687709626,0.28724124770729986,0.48376331100479253,-0.19652206329749267
2019-03-18,71.661,71.8115,70.0336,68.9713,73.268,71.72228415836281,71.44145120656027,52.73518953176422,0.2808329518025374,0.44317723916434154,-0.16234428736180412
2019-03-19,71.724,71.7535,70.2,68.95559999999999,73.25135,71.76808659553777,71.484306672741,53.48356923673038,0.2837799227967679,0.41129777589082683,-0.12751785309405894
2019-03-20,71.749,71.7265,70.36219999999999,68.9386,73.22555,71.75915019622427,71.50102469698241,51.53764040290484,0.25812549924185646,0.3806633205610328,-0.12253782131917634
2019-03-21,71.73599999999999,71.7695,70.5198,68.95909999999999,73.20045,71.826973242959,71.5528006453541,54.3640355191158,0.27417259760490253,0.35936517596980677,-0.08519257836490424
2019-03-22,71.71,71.69500000000001,70.6524,68.9532,73.16975000000001,71.682823513273,71.50370430125379,46.547958108445336,0.17911921201920222,0.3233159831796859,-0.14419677116048368
2019-03-25,71.55,71.62,70.7712,68.9554,73.1328,71.53931220353869,71.44787435301276,45.790267732985434,0.0914378505259208,0.2769403566489329,-0.1855025061230121
2019-03-26,71.481,71.5725,70.8946,68.97409999999999,73.10465,71.47018724914811,71.42136514167849,48.00386086076554,0.04882210746961846,0.23131670681307004,-0.18249459934345158
2019-03-27,71.463,71.5585,71.0226,69.0192,73.07425,71.40246613389455,71.3923751311838,47.63420594817558,0.010091002710751695,0.18707156599260638,-0.17698056328185469
2019-03-28,71.52799999999999,71.5885,71.1344,69.04469999999999,73.0473,71.42977903637231,71.40627326961463,51.33371925317549,0.02350576675767968,0.15435840614562105,-0.13085263938794137
2019-03-29,71.56,71.6045,71.2676,69.08139999999999,73.0183,71.58673610769965,71.48358636075429,56.56145274315698,0.10314974694536261,0.14411667430556938,-0.04096692736020677
2019-04-01,71.75699999999999,71.709,71.4136,69.1249,72.99745,71.93493055266893,71.65887625995768,63.378745783418495,0.27605429271125104,0.1705041979867057,0.10555009472454532
2019-04-02,71.912,71.818,71.52860000000001,69.166,72.97255,72.18647969841217,71.80044098144229,61.306423347232986,0.38603871696987824,0.21361110178334022,0.172427615186538
2019-04-03,72.15899999999999,71.95400000000001,71.6762,69.2113,72.93995,72.49317512942568,71.97670461244657,64.06324714041902,0.516470516979112,0.2741829848224946,0.24228753215661736
2019-04-04,72.31800000000001,72.027,71.8108,69.2355,72.90885,72.69268664797558,72.11102278930238,61.06753566689834,0.5816638586731955,0.3356791595926348,0.2459846990805607
2019-04-05,72.649,72.1795,71.9324,69.26509999999999,72.88385,72.92458100982549,72.26576184194664,63.02503978103242,0.6588191678788462,0.4003071612498771,0.2585120066289691
2019-04-08,73.015,72.2825,72.0202,69.3058,72.86179999999999,73.15310700831387,72.42459429809875,64.02282701880904,0.7285127102151137,0.4659482710429244,0.26256443917218925
2019-04-09,73.343,72.412,72.12859999999999,69.354,72.84525000000001,73.34032131472712,72.56869842416552,63.670380637779225,0.771622890561602,0.5270831949466599,0.24453969561494215
2019-04-10,73.7,72.58149999999999,72.2474,69.4039,72.82475000000001,73.53411803553833,72.71916520756068,64.86798613797899,0.814952827977649,0.5846571215528578,0.23029570642479125
2019-04-11,73.961,72.74449999999999,72.3352,69.4701,72.80590000000001,73.63502295314781,72.82811593292655,61.00720847712819,0.80690702022126,0.6291071012865382,0.1777999189347218
2019-04-12,74.145,72.85249999999999,72.42739999999999,69.5263,72.7851,73.73578865266353,72.93640364159866,61.607403905393404,0.7993850110648708,0.6631626832422048,0.13622232782266597
2019-04-15,74.192,72.9745,72.51100000000001,69.5662,72.76979999999999,73.82566732148452,73.0388922607395,61.7973836939418,0.7867750607450148,0.6878851587427668,0.09888990200224801
2019-04-16,74.025,72.96849999999999,72.5232,69.59309999999999,72.7342,73.52941081048691,72.9545298710551,43.21883543397536,0.5748809394318073,0.6652843148805749,-0.09040337544876764
2019-04-17,73.82199999999999,72.99050000000001,72.542,69.63850000000001,72.7,73.31719376271968,72.89493506579177,45.05650447177753,0.42225869692791207,0.6166791912900424,-0.19442049436213038
2019-04-18,73.577,72.9475,72.4788,69.6652,72.65925,73.01301010691665,72.77975469054793,40.484738085918714,0.2332554163687206,0.539994436305778,-0.30673901993705743
2019-04-22,73.303,72.976,72.4482,69.7,72.61705,72.77408547508333,72.68199508384068,41.43285415024051,0.09209039124264962,0.4504136272931524,-0.35832323605050276
2019-04-23,73.147,73.08099999999999,72.442,69.741,72.58185,72.78576463276282,72.69443989244508,51.14211289975824,0.09132474031774507,0.37859584989807094,-0.28727110958032587
2019-04-24,72.977,73.16,72.43599999999999,69.7687,72.5424,72.76795468926085,72.69262953004174,49.9864616350987,0.07532515921910488,0.31794171176227776,-0.24261655254317288
2019-04-25,72.81,73.25500000000001,72.4256,69.7904,72.50214999999999,72.79288473706687,72.71021252781642,51.684774386320335,0.08267220925044683,0.27088781125991157,-0.18821560200946474
2019-04-26,72.728,73.3445,72.4214,69.8211,72.46025,72.88167170059505,72.7590856739041,54.500563460977226,0.12258602669095353,0.24122745434611997,-0.11864142765516644
2019-04-29,72.53900000000002,73.34200000000001,72.40700000000001,69.83279999999999,72.4143,72.80756836204196,72.73248673509639,47.876262060001494,0.07508162694557541,0.20799828886601107,-0.13291666192043566
2019-04-30,72.40299999999999,73.2975,72.395,69.84309999999999,72.3625,72.83101938326628,72.7493395695337,51.53842444588381,0.0816798137325776,0.1827345938393244,-0.10105478010674679
2019-05-01,72.43100000000001,73.228,72.375,69.8647,72.31484999999999,72.73086255507147,72.70716626808677,46.62471477753636,0.023696286984701942,0.15092693246839992,-0.12723064548369797
2019-05-02,71.87700000000001,72.8495,72.2622,69.8368,72.23809999999999,71.78919139275278,72.25552432230256,26.900912453424425,-0.4663329295497789,0.027474960064764145,-0.493807889614543
2019-05-03,70.668,72.1225,72.0204,69.74929999999999,72.12065,69.86008502463697,71.29215215028015,16.792294283366672,-1.4320671256431723,-0.2644334570768232,-1.167633668566349
2019-05-06,69.482,71.3925,71.76480000000001,69.6744,72.007,68.28161040546205,70.42606680581495,18.363326157592624,-2.144456400352908,-0.6404380457320402,-1.5040183546208679
2019-05-07,68.048,70.5975,71.49,69.5869,71.88765000000001,66.77828572769866,69.5433951905694,17.269746202515222,-2.7651094628707398,-1.0653723291597803,-1.6997371337109595
2019-05-08,66.679,69.828,71.2288,69.4964,71.77135,65.57854946189886,68.76092147274944,19.49599013833138,-3.1823720108505853,-1.4887722654979414,-1.693599745352644
2019-05-09,65.296,69.05300000000001,70.9846,69.39659999999999,71.65350000000001,64.58184954468365,68.04529765995319,20.087269113503112,-3.463448115269543,-1.8837074354522618,-1.579740679817281
2019-05-10,63.872,68.3,70.74759999999999,69.31020000000001,71.53784999999999,63.74310346088616,67.38490524069739,20.24497853980934,-3.6418017798112317,-2.235326304324056,-1.4064754754871758
2019-05-13,62.31999999999999,67.4295,70.4426,69.2322,71.40805,62.6872413899806,66.60676411175685,17.461603386066912,-3.9195227217762465,-2.572165587814494,-1.3473571339617525
2019-05-14,60.799,66.60100000000001,70.16239999999999,69.1635,71.28320000000001,61.927665791522045,65.95070751088596,21.931054160422278,-4.023041719363917,-2.8623408141243787,-1.1607009052395383
2019-05-15,59.440999999999995,65.936,69.9066,69.1072,71.1684,61.415717208210964,65.40621065822774,26.13925236001262,-3.9904934500167712,-3.0879713413028576,-0.9025221087139137
2019-05-16,58.64399999999999,65.26050000000001,69.6502,69.0658,71.0578,60.988683791563126,64.9050098687294,26.340473009166573,-3.916326077166268,-3.2536422884755396,-0.6626837886907282
2019-05-17,58.663,64.6655,69.3924,69.0593,70.9475,60.75042474670726,64.50019432289758,30.42309021293245,-3.7497695761903245,-3.352867746018497,-0.39690183017182745
2019-05-20,58.70200000000001,64.092,69.1692,69.059,70.837,60.63343632413691,64.16610585453479,33.16571518848721,-3.5326695303978823,-3.3888281028943745,-0.1438414275035078
2019-05-21,58.951,63.4995,68.9422,69.0454,70.7577,60.68983073580816,63.93157949493962,37.99900996157349,-3.241748759131461,-3.359412234141792,0.11766347501033092
2019-05-22,59.20300000000001,62.940999999999995,68.7366,69.0296,70.6761,60.81447216106844,63.75146249531446,40.30069842989223,-2.936990334246026,-3.2749278541626388,0.3379375199166126
2019-05-23,59.400999999999996,62.3485,68.53399999999999,69.0111,70.58905,60.85532259782714,63.553576384550425,38.99127728713016,-2.698253786723285,-3.1595930406747685,0.46133925395148356
2019-05-24,59.675,61.7735,68.3528,68.995,70.50805,61.01142681354604,63.42886702273188,42.75865439900548,-2.417440209185841,-3.011162474376983,0.593722265191142
2019-05-28,60.194,61.25699999999999,68.1516,68.9848,70.4322,61.174284226846645,63.32821020623322,43.706404282897374,-2.153925979386578,-2.8397151753789025,0.6857891959923244
2019-05-29,60.607000000000006,60.702999999999996,67.9516,68.9926,70.3603,61.28285588425486,63.220935376141874,42.97838598310805,-1.9380794918870166,-2.6593880386805253,0.7213085467935088
2019-05-30,60.983000000000004,60.212,67.7584,68.9792,70.2943,61.44857036360027,63.15716238531655,45.450455425727235,-1.708592021716285,-2.4692288352876774,0.7606368135713923
2019-05-31,61.312,59.977999999999994,67.56280000000001,68.9625,70.22685,61.522636461507915,63.066261467885695,43.6258177317267,-1.5436250063777806,-2.2841080695056983,0.7404830631279178
2019-06-03,61.42199999999999,60.0425,67.3296,68.9247,70.15345,61.37146162127593,62.87913098878305,38.276464813560416,-1.5076693675071198,-2.1288203291059826,0.6211509615988628
2019-06-04,61.532999999999994,60.11750000000001,67.13380000000001,68.8931,70.08625,61.329698294925784,62.74734350813245,41.39431557009613,-1.4176452132066686,-1.9865853059261198,0.5689400927194512
2019-06-05,61.650999999999996,60.301,66.9624,68.8668,70.02165,61.46051394186028,62.7053180630856,46.95895483319081,-1.2448041212253216,-1.8382290689859602,0.5934249477606386
2019-06-06,61.690999999999995,60.447,66.7786,68.8366,69.95335,61.52812718157408,62.6456648732274,45.74620477972361,-1.1175376916533253,-1.6940907935194334,0.5765531018661081
2019-06-07,61.861000000000004,60.63099999999999,66.6136,68.8181,69.89269999999999,61.72072299979345,62.655615623358706,50.1073336336467,-0.9348926235652542,-1.5422511595285977,0.6073585359633435
2019-06-10,61.977,60.826,66.4426,68.7885,69.83335,61.92215023059446,62.68334779940621,51.3048905435475,-0.7611975688117454,-1.3860404413852274,0.624842872573482
2019-06-11,62.10699999999999,61.1505,66.26100000000001,68.76429999999999,69.7739,62.144896348964544,62.73421092537612,52.95861496060465,-0.5893145764115744,-1.226695268390497,0.6373806919789227
2019-06-12,62.13399999999999,61.37049999999999,66.027,68.72030000000001,69.70909999999999,62.14568152604692,62.69093604201492,46.81494462941655,-0.5452545159679971,-1.090407117905997,0.545152601938
2019-06-13,62.13199999999999,61.557500000000005,65.80239999999999,68.66550000000001,69.64150000000001,62.17557667588586,62.66494077964344,47.830001930589525,-0.48936410375758044,-0.9701985150763137,0.4808344113187333
2019-06-14,62.102999999999994,61.707499999999996,65.5516,68.6139,69.56665,62.09318026421111,62.589019240410586,44.463104769681564,-0.4958389761994795,-0.8753266073009469,0.37948763110146744
2019-06-17,62.30500000000001,61.8635,65.327,68.5689,69.49615,62.16499868510171,62.586869667046834,49.495070691841946,-0.4218709819451263,-0.7846354822297827,0.36276450028465645
2019-06-18,62.56700000000001,62.05,65.1174,68.5249,69.4263,62.40422965662452,62.670805247265584,55.02797753886972,-0.26657559064106096,-0.6810235039120385,0.4144479132709775
2019-06-19,62.60999999999999,62.130500000000005,64.8814,68.4508,69.3524,62.435886632528444,62.66630115487554,49.44585743870176,-0.2304145223470968,-0.5909017075990501,0.36048718525195333
2019-06-20,62.837,62.263999999999996,64.67739999999999,68.403,69.2811,62.702673304447146,62.777686254514386,56.17451811911922,-0.07501295006724007,-0.48772395609268815,0.4127110060254481
2019-06-21,63.004999999999995,62.43299999999999,64.4746,68.361,69.2252,62.97303125760912,62.90230208751332,57.31197776011243,0.07072917009580237,-0.3760333308549901,0.44676250095079245
2019-06-24,63.107000000000006,62.541999999999994,64.2718,68.3035,69.169,63.13871875643849,62.98731674769752,55.133296013842525,0.15140200874097332,-0.2705462629357974,0.42194827167677074
2019-06-25,63.086,62.596500000000006,64.0492,68.2383,69.1062,63.141992793909495,63.000108099719924,50.63364887334761,0.14188469418957084,-0.18806007151072376,0.32994476570029463
2019-06-26,63.17700000000001,62.655499999999996,63.824,68.1675,69.04285,63.12937851792342,63.00454453677771,50.13850596096268,0.12483398114571287,-0.12548126097943643,0.25031524212514933
2019-06-27,63.249,62.69050000000001,63.647200000000005,68.0852,68.98035,63.118704899781356,63.008652348868246,50.13850596096268,0.11005255091311028,-0.0783744986009271,0.18842704951403738
2019-06-28,63.424,62.7635,63.472,68.007,68.91425,63.160442607507306,63.03690032302615,51.93730547958666,0.12354228448115379,-0.03799114198451092,0.1615334264656647
2019-07-01,63.596000000000004,62.9505,63.330799999999996,67.90480000000001,68.85715,63.33268220635234,63.12898178057977,56.49568575480228,0.20370042577256697,0.010347171566904657,0.19335325420566232
2019-07-02,63.65999999999999,63.1135,63.1888,67.8185,68.79295,63.49073109768274,63.220168315351636,56.89146260668371,0.27056278233110476,0.06239029371974468,0.20817248861136006
2019-07-03,63.81700000000001,63.213499999999996,63.0154,67.7287,68.73245,63.596772467270014,63.29126695865892,55.664410852178285,0.30550550861109116,0.11101333669801398,0.19449217191307716
2019-07-05,63.871,63.354,62.8562,67.6461,68.6762,63.76803824153617,63.396358295054554,58.502498349203044,0.3716799464816134,0.16314665865473388,0.20853328782687952
2019-07-08,63.84499999999999,63.425,62.681599999999996,67.5536,68.6128,63.83449389668445,63.455887310235696,54.86307614003054,0.378606586448754,0.20623864421353794,0.17236794223521607
2019-07-09,63.878,63.49250000000001,62.5018,67.4616,68.5542,63.918417912579145,63.52434010207009,55.90569960961774,0.394077810509053,0.24380647747264095,0.15027133303641205
2019-07-10,63.968,63.527,62.335,67.371,68.48864999999999,63.94019977218235,63.56401861302786,53.53803531351977,0.37618115915449124,0.27028141380901105,0.10589974534548019
2019-07-11,64.191,63.684000000000005,62.181599999999996,67.28829999999999,68.42705,64.14786134569276,63.69186908613691,60.46829353735747,0.455992259555849,0.3074235829583787,0.1485686765974703
2019-07-12,64.471,63.85999999999999,62.05519999999999,67.2151,68.37,64.41126729250927,63.8524713760527,63.20715253291055,0.5587959164565675,0.35769804965801644,0.20109786679855102
2019-07-15,64.714,64.069,62.03939999999999,67.1508,68.31500000000001,64.62799540135399,63.99821423708583,62.877928027832176,0.6297811642681523,0.41211467258004364,0.2176664916881087
2019-07-16,64.881,64.2385,62.1734,67.09689999999999,68.2608,64.8313807242226,64.14279096026466,63.542558365405576,0.6885897639579355,0.46740969085562206,0.2211800731023134
2019-07-17,64.96900000000001,64.3145,62.2862,67.0255,68.2032,64.89424522818835,64.22406570394877,57.48872693323616,0.670179524239586,0.5079636575324149,0.16221586670717114
2019-07-18,65.14399999999999,64.48049999999999,62.4346,66.9623,68.1471,65.05359211615938,64.35043120735997,61.34321563943848,0.7031609087994042,0.5470031077858128,0.15615780101359134
2019-07-19,65.18700000000001,64.52900000000001,62.55780000000001,66.8933,68.0879,65.06688563675024,64.40891778459257,55.17489595776455,0.6579678521576682,0.5691960566601839,0.08877179549748426
2019-07-22,65.322,64.5835,62.68679999999999,66.8357,68.02925,65.14121092340405,64.49344239314128,57.56005111844664,0.6477685302627663,0.5849105513807004,0.0628579788820659
2019-07-23,65.471,64.6745,62.8216,66.7846,67.97579999999999,65.25333231980342,64.59540962327897,59.37690156581442,0.6579226965244516,0.5995129804094507,0.0584097161150009
2019-07-24,65.64099999999999,64.8045,62.9992,66.7209,67.9241,65.33128119367981,64.68167557711016,58.45058258635869,0.6496056165696587,0.6095315076414922,0.04007410892816643
2019-07-25,65.69,64.94050000000001,63.159800000000004,66.6611,67.87695,65.40031485619062,64.76303294176866,58.577116038636966,0.6372819144219619,0.6150815889975862,0.022200325424375666
2019-07-26,65.744,65.10749999999999,63.315799999999996,66.6112,67.83840000000001,65.55411257062283,64.8842897608969,62.39986836409434,0.6698228097259289,0.6260298331432548,0.043792976582674115
2019-07-29,65.766,65.24,63.46379999999999,66.557,67.79875,65.6288644828347,64.96989792675639,58.995398734308175,0.6589665560783118,0.6326171777302663,0.026349378348045516
2019-07-30,65.704,65.2925,63.58160000000001,66.487,67.76820000000001,65.58288533162936,64.99657215440406,52.86897270918391,0.5863131772252927,0.6233563776292715,-0.03704320040397879
2019-07-31,65.694,65.33149999999999,63.6846,66.4269,67.74245,65.51474912676329,65.00719643926303,51.33271792523964,0.5075526875002652,0.6001956396034703,-0.09264295210320517
2019-08-01,65.742,65.44300000000001,63.7928,66.3675,67.71365,65.65248003033817,65.11110781413244,59.75146171236812,0.5413722162057297,0.5884309549239223,-0.04705873871819255
2019-08-02,65.577,65.382,63.8326,66.2846,67.67105,65.31979079490154,64.99102575382634,41.83322238904743,0.32876504107520077,0.5364977721541779,-0.20773273107897716
2019-08-05,65.226,65.274,63.851800000000004,66.1929,67.61375,64.81520759568592,64.7724312535429,36.05169805236801,0.04277634214301429,0.43775348615194526,-0.39497714400893097
2019-08-06,64.897,65.184,63.86600000000001,66.1094,67.5567,64.47132950404193,64.61002893846566,39.4100929834498,-0.138699434423728,0.3224629020368106,-0.4611623364605386
2019-08-07,64.542,65.0915,63.8688,66.0102,67.4998,64.12343265726625,64.43224901709783,37.93984383874323,-0.3088163598315816,0.19620704966313218,-0.5050234094947138
2019-08-08,64.36,65.025,63.9104,65.931,67.45115000000001,64.09828917153298,64.39726760842392,47.84958388113008,-0.29897843689093406,0.09716995235231894,-0.396148389243253
2019-08-09,63.96600000000001,64.855,63.912400000000005,65.83539999999999,67.3955,63.84624468360483,64.25376630409622,41.70274371140159,-0.4075216204913872,-0.00376836221642228,-0.4037532582749649
2019-08-12,63.479,64.6225,63.897200000000005,65.73,67.3343,63.43451473228101,64.02533917045946,37.26868938014794,-0.5908244381784513,-0.12117957740882809,-0.4696448607696232
2019-08-13,63.120000000000005,64.412,63.9212,65.62540000000001,67.29225,63.173820158083934,63.85605478746246,40.289721261947015,-0.6822346293785273,-0.23339058780276795,-0.44884404157575936
2019-08-14,62.67099999999999,64.1825,63.912200000000006,65.523,67.23809999999999,62.785540133763334,63.61856924765043,36.65447164952439,-0.8330291138870933,-0.353318293019633,-0.4797108208674603
2019-08-15,62.088,63.915,63.8802,65.4213,67.18835,62.44622626703051,63.39349004412077,36.42716009401504,-0.9472637770902566,-0.4721073898337578,-0.4751563872564988
2019-08-16,61.861000000000004,63.718999999999994,63.8666,65.32260000000001,67.14835,62.25757607210274,63.232490781593306,40.085571866243576,-0.9749147094905695,-0.5726688537651201,-0.40224585572544935
2019-08-19,61.843,63.5345,63.8482,65.2309,67.12505,62.19641052254847,63.13082479777158,43.581990426010144,-0.9344142752231122,-0.6450179380567185,-0.2893963371663937
2019-08-20,61.742999999999995,63.32000000000001,63.8192,65.1309,67.0878,62.10157813446409,63.015948886825534,42.415766208086,-0.9143707523614424,-0.6988885009176633,-0.21548225144377908
2019-08-21,61.71600000000001,63.129,63.7906,65.0258,67.0536,62.076719959931154,62.93624896928291,44.47311286406403,-0.8595290093517534,-0.7310166026044813,-0.12851240674727205
2019-08-22,61.44,62.9,63.77160000000001,64.8993,67.0121,61.94183996609559,62.80763793452121,41.2135607921176,-0.8657979684256176,-0.7579728757687086,-0.10782509265690898
2019-08-23,61.193999999999996,62.580000000000005,63.7248,64.76360000000001,66.96480000000001,61.643095355927045,62.59966475418631,36.5369913572895,-0.956569398259262,-0.7976921802668194,-0.1588772179924426
2019-08-26,61.064,62.2715,63.689400000000006,64.6205,66.9159,61.37031145501519,62.39746736498732,36.05962127324533,-1.0271559099721301,-0.8435849262078816,-0.18357098376424852
2019-08-27,60.86,61.989999999999995,63.632200000000005,64.4796,66.85755,61.11334046193593,62.19765496758085,35.408119604263234,-1.084314505644926,-0.8917308420952905,-0.1925836635496354
2019-08-28,60.819,61.745000000000005,63.5626,64.34,66.80255,60.97898039086886,62.05264348850079,39.16785290175148,-1.073663097631929,-0.9281172932026183,-0.14554580442931075
2019-08-29,60.899,61.4935,63.53799999999999,64.2097,66.75775,61.040675715350574,62.00281804490814,46.27725503994229,-0.9621423295575653,-0.9349223004736077,-0.027220029083957598
2019-08-30,60.916,61.3885,63.482400000000005,64.0799,66.71695,61.094417912988945,61.957424115655684,46.33650100164965,-0.8630062026667389,-0.920539080912234,0.057532878245495134
2019-09-03,60.878,61.3605,63.42280000000001,63.9487,66.6763,61.153738234067575,61.92205936634785,46.904031621027094,-0.7683211322802777,-0.8900954911858427,0.1217743589055651
2019-09-04,60.961,61.35200000000001,63.39,63.8309,66.65050000000001,61.34700927498025,61.958203116988756,52.49485856000579,-0.6111938420085039,-0.834315161350375,0.22312131934187107
2019-09-05,61.193,61.45450000000001,63.412000000000006,63.730599999999995,66.62845,61.79516169421406,62.1287065898044,61.23843760473831,-0.33354489559034306,-0.7341611081983687,0.4006162126080256
2019-09-06,61.51800000000001,61.479,63.439800000000005,63.631899999999995,66.59905,62.203598356642665,62.30065424981889,62.011766573272915,-0.09705589317622554,-0.6067400651939401,0.5096841720177145
2019-09-09,61.936,61.565,63.462199999999996,63.554700000000004,66.57390000000001,62.507660147928405,62.4398650461286,60.17450752065302,0.06779510179980264,-0.47183303179519154,0.5396281335949942
2019-09-10,62.423,61.7435,63.489200000000004,63.480599999999995,66.55955,62.85109704824711,62.61024541308203,62.64644338193844,0.2408516351650789,-0.3292960984031375,0.5701477335682164
2019-09-11,62.989,61.9245,63.51080000000001,63.4208,66.54299999999999,63.23708211774756,62.81393093803892,65.22033239468237,0.4231511797086398,-0.17880664278078207,0.6019578224894219
2019-09-12,63.449,62.134,63.5204,63.3546,66.5273,63.48368486886332,62.96401012781382,61.39899440092966,0.5196747410494993,-0.0391103660147258,0.5587851070642251
2019-09-13,63.74400000000001,62.3215,63.5234,63.269400000000005,66.5052,63.6138871967305,63.06519456279058,57.8207679964485,0.5486926339399218,0.07845023397620374,0.4702423999637181
2019-09-16,64.00399999999999,62.46,63.50900000000001,63.1826,66.47565,63.67175070492581,63.13369866925054,55.49865966389858,0.5380520356752712,0.17037059431601723,0.36768144135925396
2019-09-17,64.256,62.56699999999999,63.505,63.0933,66.44184999999999,63.72225059647569,63.197869138194946,55.555195703899216,0.5243814582807431,0.2411727671089624,0.2832086911717807
2019-09-18,64.36600000000001,62.6635,63.48759999999999,62.9947,66.4079,63.689596658556354,63.2209899427731,52.06478044466212,0.4686067157832525,0.28665955684382044,0.18194715893943209
2019-09-19,64.287,62.739999999999995,63.4758,62.9054,66.3691,63.65581255724,63.239435132197315,51.77878909242561,0.4163774250426826,0.3126031304835929,0.10377429455908971
2019-09-20,64.022,62.769999999999996,63.40599999999999,62.793800000000005,66.31845,63.37030293304923,63.132810307590105,41.52357444968423,0.23749262545912586,0.2975810294786995,-0.06008840401957366
2019-09-23,63.687,62.8115,63.305400000000006,62.680299999999995,66.2725,62.9794870971955,62.96223176628713,36.94632990961444,0.017255330908369615,0.24151588976463356,-0.22426055885626395
2019-09-24,63.205000000000005,62.814,63.1874,62.6134,66.2251,62.50879677455004,62.73688126508068,33.24398555409387,-0.22808449053064095,0.14759581370557867,-0.3756803042362196
2019-09-25,62.688,62.838499999999996,63.0722,62.622800000000005,66.18605000000001,62.152058809234646,62.548223393593226,35.315152562235724,-0.39616458435857993,0.038843734092746954,-0.43500831845132687
2019-09-26,62.169999999999995,62.8095,62.96060000000001,62.623400000000004,66.1489,61.768665146275474,62.334280919993724,33.14148336395871,-0.5656157737182497,-0.08204816746945237,-0.4835676062487973
2019-09-27,61.61199999999999,62.67800000000001,62.81700000000001,62.6258,66.10635,61.304255123771554,62.06877862962382,29.755044954105657,-0.7645235058522672,-0.21854323514601537,-0.5459802707062519
2019-09-30,61.24000000000001,62.622,62.7196,62.6387,66.06755,61.14513895088362,61.935535768170205,40.661734788215675,-0.7903968172865845,-0.3329139515741292,-0.45748286571245533
2019-10-01,60.90200000000001,62.57899999999999,62.621,62.65389999999999,66.02525,61.06434834305537,61.83808867423167,42.86169251386111,-0.7737403311762989,-0.42107922749456317,-0.35266110368173575
2019-10-02,60.544999999999995,62.455499999999994,62.50240000000001,62.662,65.9861,60.89137167489301,61.69748951317747,39.77617471165842,-0.8061178382844645,-0.4980869496525435,-0.30803088863192096
2019-10-03,60.21600000000001,62.2515,62.3908,62.695,65.9636,60.78192987875562,61.58508288257173,41.380124052866144,-0.8031530038161137,-0.5591001604852576,-0.24405284333085608
2019-10-04,60.087,62.054500000000004,62.2854,62.72259999999999,65.94305,60.74009451279322,61.505447113492345,43.604233699236374,-0.7653526006991243,-0.600350648528031,-0.16500195217109326
2019-10-07,60.032000000000004,61.859500000000004,62.163000000000004,62.7394,65.9233,60.66931074159426,61.41467325323365,42.396854972137305,-0.7453625116393923,-0.6293530211503033,-0.11600949048908893
2019-10-08,59.92999999999999,61.567499999999995,62.0202,62.742,65.9039,60.397109089041294,61.228401160401525,35.962554625815415,-0.831292071360231,-0.6697408311922889,-0.1615512401679421
2019-10-09,59.855,61.27149999999999,61.9024,62.742,65.90065,60.24986153688109,61.09592700037178,39.811823355356665,-0.8460654634906888,-0.7050057576519689,-0.14105970583871985
2019-10-10,59.86900000000001,61.019499999999994,61.79559999999999,62.740100000000005,65.89955,60.18065206966861,60.99993240775165,42.301825550466056,-0.8192803380830398,-0.7278606737381832,-0.0914196643448566
2019-10-11,60.05500000000001,60.8335,61.6796,62.73620000000001,65.8908,60.2467055974119,60.97104852569598,47.55871747979399,-0.7243429282840737,-0.7271571246473613,0.0028141963632876132
2019-10-14,60.065999999999995,60.653,61.617399999999996,62.725,65.8773,60.267212428579306,60.9272671534222,46.26960657047151,-0.6600547248428938,-0.7137366446864678,0.053681919843573955
2019-10-15,60.138,60.52,61.6034,62.727599999999995,65.86935,60.432256670336336,60.95783995687241,52.1050989949308,-0.5255832865360759,-0.6761059730563894,0.15052268652031353
2019-10-16,60.283,60.414,61.5796,62.7228,65.8589,60.579601797976906,60.989851811918896,52.395095418990955,-0.41025001394199023,-0.6229347812335095,0.2126847672915193
2019-10-17,60.403000000000006,60.3095,61.563,62.715900000000005,65.85034999999999,60.70273998290354,61.01875167770268,52.32685484461685,-0.31601169479914404,-0.5615501639466365,0.24553846914749244
2019-10-18,60.416,60.2515,61.4966,62.70349999999999,65.84805,60.693087677841454,60.99069599787285,47.40639828472782,-0.2976083200313937,-0.508761795163588,0.2111534751321943
2019-10-21,60.465999999999994,60.249,61.463,62.68770000000001,65.83345,60.70645880432738,60.9750888869193,48.39507190553814,-0.268630082591919,-0.46073545264925425,0.19210537005733525
2019-10-22,60.565999999999995,60.248000000000005,61.437599999999996,62.6674,65.81495000000001,60.582388219046244,60.89545267307343,42.931960303414535,-0.3130644540271845,-0.43120125292484035,0.11813679889765583
2019-10-23,60.657000000000004,60.25600000000001,61.409800000000004,62.6655,65.79509999999999,60.54663618534682,60.85504877136428,46.272018130746716,-0.3084125860174609,-0.40664351954336453,0.09823093352590362
2019-10-24,60.727999999999994,60.298500000000004,61.407,62.6596,65.77635000000001,60.54099984913961,60.82948960311507,47.449701045477184,-0.28848975397546184,-0.38301276642978405,0.09452301245432221
2019-10-25,60.713,60.38399999999999,61.4046,62.642399999999995,65.7546,60.52853833388736,60.80212000288433,47.10224159584533,-0.2735816689969681,-0.3611265469432209,0.08754487794625276
2019-10-28,60.742,60.403999999999996,61.393600000000006,62.63009999999999,65.73335,60.55030166713546,60.792333336004006,48.79810419448812,-0.24203166886854888,-0.3373075713282865,0.0952759024597376
2019-10-29,60.653,60.395500000000006,61.3654,62.6068,65.71245,60.534870641422316,60.76697531111482,47.09471595410049,-0.23210466969250376,-0.31626699100113,0.08416232130862622
2019-10-30,60.503,60.39300000000001,61.3316,62.5754,65.68195,60.43565977351119,60.702014176958166,42.98183899561422,-0.26635440344697514,-0.3062844734902991,0.03993007004332394
2019-10-31,60.45899999999999,60.431,61.3116,62.551100000000005,65.65769999999999,60.51325057758639,60.719642756442745,51.52932768084591,-0.20639217885635475,-0.28630601456351024,0.07991383570715549
2019-11-01,60.517999999999994,60.467,61.31219999999999,62.5419,65.6311,60.62351971949618,60.75744699670624,53.59829052501195,-0.1339272772100628,-0.25583026709282075,0.12190298988275794
2019-11-04,60.647000000000006,60.55649999999999,61.3536,62.539199999999994,65.60235,60.84605514726599,60.854673145098374,59.0506738258268,-0.008617997832381263,-0.20638781324073285,0.1977698154083516
2019-11-05,60.849000000000004,60.7075,61.3946,62.542,65.57795,61.011277432301995,60.933586245461456,57.74579724593693,0.07769118684053922,-0.14957201322447847,0.22726320006501768
2019-11-06,61.04,60.8485,61.4458,62.538999999999994,65.55395,61.20338859656323,61.031839116168015,59.90836955900559,0.171549480395214,-0.08534771450053999,0.256897194895754
2019-11-07,61.29200000000001,61.010000000000005,61.501599999999996,62.5321,65.5285,61.4844057355535,61.1798510334889,64.35741108901678,0.3045547020645998,-0.0073672311875120355,0.3119219332521118
2019-11-08,61.532,61.1225,61.531200000000005,62.5346,65.4927,61.69603562239143,61.304306512489724,62.70299811279547,0.3917291099017035,0.07245203703033108,0.3192770728713724
2019-11-11,61.729000000000006,61.2355,61.5562,62.519299999999994,65.46115,61.84126091125428,61.40324677082382,60.53426997333284,0.43801414043046094,0.14556445771035706,0.29244968272010385
2019-11-12,61.967999999999996,61.310500000000005,61.583400000000005,62.503099999999996,65.43205,61.994913078753626,61.50967293594798,61.82687695702325,0.48524014280564387,0.21349959472941443,0.27174054807622944
2019-11-13,62.23,61.36650000000001,61.5854,62.487700000000004,65.3956,62.07415722048384,61.58377123698887,58.426516341509085,0.4903859834949671,0.268876872482525,0.22150911101244208
2019-11-14,62.44699999999999,61.452999999999996,61.5624,62.487199999999994,65.36275,62.23351764810171,61.696825219434146,62.468256597997296,0.5366924286675641,0.32243998371953286,0.2142524449480312
2019-11-15,62.662,61.59000000000001,61.541000000000004,62.4904,65.32894999999999,62.40989954839375,61.82150483280939,64.15696236901499,0.5883947155843643,0.3756309300924992,0.2127637854918651
2019-11-18,62.818,61.732499999999995,61.53,62.4961,65.29065,62.59760731017933,61.95546743778647,65.69603968817907,0.6421398723928604,0.42893271855257153,0.21320715384028888
2019-11-19,63.01800000000001,61.9335,61.5136,62.501400000000004,65.2542,62.80105233938251,62.1009883683208,67.44246424237328,0.7000639710617094,0.48315896905439915,0.21690500200731022
2019-11-20,63.14300000000001,62.091499999999996,61.4766,62.4937,65.19924999999999,62.910121210246736,62.20535960029703,62.590842774839835,0.7047616099497063,0.5274794972334605,0.17728211271624572
2019-11-21,63.17999999999999,62.23599999999999,61.4478,62.4841,65.1513,62.985487177901085,62.29385148175651,61.31639051409884,0.6916356961445729,0.560310737015683,0.13132495912888986
2019-11-22,63.21300000000001,62.3725,61.425,62.4742,65.10145,63.01695068899322,62.36023285347825,58.85267655299363,0.6567178355149679,0.57959215671554,0.07712567879942789
2019-11-25,63.28499999999999,62.507000000000005,61.4124,62.460699999999996,65.0534,63.06972750607119,62.43428967914653,60.24524668445905,0.6354378269246581,0.5907612907573636,0.0446765361672945
2019-11-26,63.374,62.67100000000001,61.407,62.456,65.00479999999999,63.17130788975254,62.53026822143197,63.167040634468385,0.6410396683205732,0.6008169662700056,0.04022270205056766
2019-11-27,63.53800000000001,62.884,61.4198,62.4537,64.95765,63.321875906713686,62.65024835317775,66.20348091564138,0.6716275535359344,0.6149790837231913,0.056648469812743074
2019-11-29,63.638,63.042500000000004,61.4326,62.4542,64.9126,63.44312576721927,62.75837810479422,65.64841094480607,0.6847476624250532,0.6289327994635637,0.05581486296148952
2019-12-02,63.65400000000001,63.158,61.467400000000005,62.4367,64.8625,63.45802949533938,62.81627602295761,58.16456345625454,0.6417534723817724,0.6314969340472055,0.010256538334566856
2019-12-03,63.56600000000001,63.19200000000001,61.5058,62.40559999999999,64.81035000000001,63.34910188067178,62.81136668792371,49.706834953911205,0.5377351927480731,0.6127445857873791,-0.07500939303930598
2019-12-04,63.414,63.215999999999994,61.5554,62.3714,64.7611,63.203086206722276,62.78089508141084,46.482012378340634,0.42219112531143566,0.5746338936921904,-0.15244276838075477
2019-12-05,63.284000000000006,63.213499999999996,61.5958,62.334,64.71545,63.05030371338039,62.73860655686189,44.78346506646666,0.3116971565184983,0.5220465462574521,-0.21034938973895378
2019-12-06,63.21,63.19500000000001,61.6558,62.30820000000001,64.66685,62.990256988244944,62.7327838489462,49.49111443729252,0.25747313929874593,0.46913186486571085,-0.2116587255669649
2019-12-09,63.07900000000001,63.145999999999994,61.718399999999995,62.267700000000005,64.615,62.81944822082265,62.66961467495018,42.69610600826825,0.14983354587246822,0.4052722010670623,-0.2554386551945941
2019-12-10,62.85300000000001,63.069,61.735,62.22729999999999,64.56030000000001,62.55491772531147,62.55334692125017,37.196301980456745,0.0015708040613020557,0.3245319216659103,-0.3229611176046082
2019-12-11,62.548,62.961,61.7362,62.178599999999996,64.50715,62.26646884449433,62.414580482639046,34.610993429454425,-0.1481116381447194,0.23000320970378438,-0.3781148478485038
2019-12-12,62.30999999999999,62.924,61.7728,62.1376,64.4611,62.19008902226443,62.366833780221334,45.24707857224883,-0.1767447579569037,0.14865361617164677,-0.32539837412855044
2019-12-13,62.063,62.8505,61.802,62.096399999999996,64.40865000000001,62.10545994191605,62.31299424094568,44.321124649852024,-0.20753429902962495,0.07741603313139242,-0.2849503321610174
2019-12-16,61.875,62.7645,61.825,62.05519999999999,64.35815000000001,62.036927643159736,62.26462429717193,44.5092687510562,-0.22769665401219186,0.016393495702675565,-0.24409014971486742
2019-12-17,61.775999999999996,62.67100000000001,61.8546,62.0088,64.31,61.994323390365935,62.22724471960364,45.50088646921579,-0.2329213292377048,-0.03346946928540052,-0.1994518599523043
2019-12-18,61.767999999999994,62.590999999999994,61.923,61.971599999999995,64.2643,62.04442748415579,62.234115481114486,50.80284723561703,-0.1896879969586962,-0.06471317482005966,-0.12497482213863655
2019-12-19,61.818,62.551,61.9884,61.9454,64.2162,62.14682325582413,62.26936618621711,54.14836371610773,-0.12254293039298148,-0.07627912593464403,-0.04626380445833744
2019-12-20,61.874,62.541999999999994,62.0568,61.9262,64.17655,62.31192737031273,62.339783505756586,58.15564926773087,-0.027856135443855123,-0.06659452783648626,0.03873839239263113
2019-12-23,61.949,62.513999999999996,62.0972,61.888400000000004,64.12795,62.36086162103385,62.36128102384869,52.445230366284065,-0.0004194028148418738,-0.05335950283215738,0.05294010001731551
2019-12-24,62.07899999999999,62.465999999999994,62.1376,61.8775,64.08104999999999,62.366882910105566,62.36414909615619,50.36888816228649,0.00273381394937644,-0.042140839475850615,0.044874653425227055
2019-12-26,62.223,62.38549999999999,62.1532,61.878299999999996,64.0356,62.32890092393548,62.3460639779224,47.88350285824285,-0.017163053986919863,-0.03714528237806447,0.019982228391144607
2019-12-27,62.262,62.286,62.1686,61.874100000000006,63.99175,62.302916166406945,62.33228146103926,48.27615575006896,-0.02936529463231352,-0.03558928482891428,0.006223990196600762
2019-12-30,62.263,62.163,62.174,61.868500000000004,63.939350000000005,62.202467525421255,62.28174209355487,43.7502171000459,-0.07927456813361289,-0.04432634148985401,-0.03494822664375888
2019-12-31,62.299,62.087,62.2016,61.84910000000001,63.89005,62.174395598433364,62.26235379032858,47.58917385395067,-0.08795819189521836,-0.05305271157092688,-0.034905480324291485
2020-01-02,62.315,62.04549999999999,62.224399999999996,61.8437,63.83955,62.135257814059,62.23699425030424,46.66225639129125,-0.10173643624523976,-0.06278945650578946,-0.0389469797394503
2020-01-03,62.21900000000001,61.993500000000004,62.253600000000006,61.845600000000005,63.7878,62.01598738112685,62.172031713244664,41.75727101192593,-0.15604433211781554,-0.08144043162819467,-0.07460390048962087
2020-01-06,62.022000000000006,61.92,62.261399999999995,61.83559999999999,63.7305,61.819681630184256,62.06595529004136,37.10663928670373,-0.2462736598571027,-0.11440707727397628,-0.13186658258312642
2020-01-07,61.73199999999999,61.803,62.257600000000004,61.8323,63.67765,61.58896137938668,61.93662526855681,34.318286494038944,-0.34766388917012847,-0.16105843965320674,-0.18660544951692173
2020-01-08,61.541999999999994,61.74550000000001,62.263000000000005,61.833800000000004,63.62755,61.456813474865655,61.847245619034084,39.12711442916351,-0.39043214416842886,-0.20693318055625118,-0.18349896361217768
2020-01-09,61.413,61.746,62.27179999999999,61.832699999999996,63.577650000000006,61.40345755565555,61.792634832438964,43.27257027232662,-0.3891772767834141,-0.24338199980168376,-0.1457952769817303
2020-01-10,61.265,61.74399999999999,62.275600000000004,61.8205,63.5257,61.286002547093155,61.70725447448052,39.67382260738099,-0.4212519273873667,-0.2789559853188204,-0.14229594206854634
2020-01-13,61.165,61.713499999999996,62.301,61.8163,63.4736,61.26661753984805,61.66671710600048,45.11260283161624,-0.40009956615243425,-0.30318470148554316,-0.09691486466689109
2020-01-14,61.137,61.7,62.3096,61.810599999999994,63.418200000000006,61.28252253371758,61.64473806111156,47.18353405370896,-0.3622155273939782,-0.3149908666672302,-0.047224660726748025
2020-01-15,61.11999999999999,61.709500000000006,62.32200000000001,61.8171,63.3582,61.369826759299485,61.659942649177374,51.67200523376423,-0.29011588987788883,-0.3100158713093619,0.01989998143147309
2020-01-16,61.173,61.74399999999999,62.3296,61.8416,63.302600000000005,61.536007257868796,61.71846541590498,56.63314771303682,-0.1824581580361837,-0.2845043286547263,0.1020461706185426
2020-01-17,61.314,61.76649999999999,62.346599999999995,61.870599999999996,63.24555,61.72585229511975,61.796356866578684,59.04774210098104,-0.07050457145893319,-0.2417043772155677,0.17119980575663452
2020-01-21,61.468999999999994,61.74550000000001,62.3472,61.8965,63.18805,61.81264424971671,61.8329230246099,54.175126383756506,-0.020278774893185414,-0.19741925675109126,0.17714048185790585
2020-01-22,61.656000000000006,61.693999999999996,62.3304,61.916000000000004,63.128,61.870698980529525,61.85937317093509,53.19035548736248,0.011325809594431746,-0.1556702434819867,0.16699605307641843
2020-01-23,61.838,61.69000000000001,62.3242,61.9277,63.0687,61.975206829678825,61.91053071382879,56.27199689661996,0.06467611585003397,-0.11160097161558256,0.17627708746561654
2020-01-24,61.96900000000001,61.690999999999995,62.319799999999994,61.938,63.00895,62.04363654818978,61.948269179471104,54.867289720428914,0.09536736871867646,-0.07020730354873077,0.16557467226740724
2020-01-27,62.08200000000001,61.673500000000004,62.298399999999994,61.9409,62.944799999999994,62.00153861769905,61.93506405506584,48.36614762004874,0.06647456263321061,-0.042870930312342494,0.1093454929455531
2020-01-28,62.226,61.6955,62.300200000000004,61.9428,62.88685,62.0936095995915,61.984318569505405,55.600557157245596,0.10929103008609786,-0.012438538232654419,0.12172956831875228
2020-01-29,62.38100000000001,61.75899999999999,62.29639999999999,61.92940000000001,62.83,62.22074658426973,62.0536283050976,58.04143347329803,0.1671182791721364,0.023472825248303745,0.14364545392383266
2020-01-30,62.443000000000005,61.781499999999994,62.2782,61.9096,62.77075,62.25909326361285,62.08447065286815,53.58053330714299,0.17462261074469865,0.053702782347582724,0.12091982839711593
2020-01-31,62.336,61.75450000000001,62.233200000000004,61.8816,62.71815000000001,62.123848146133945,62.032287641544585,44.63238563878696,0.09156050458935994,0.06127432679593817,0.03028617779342177
2020-02-03,62.32000000000001,61.81699999999999,62.207,61.86030000000001,62.67045,62.19864073903641,62.07508114957832,53.97347620769204,0.12355958945809675,0.07373137932836989,0.049828210129726866
2020-02-04,62.434000000000005,61.951499999999996,62.2054,61.840999999999994,62.630900000000004,62.3880806253385,62.17544550886881,58.94614097821552,0.21263511646969135,0.10151212675663418,0.11112298971305717
2020-02-05,62.712,62.184000000000005,62.2368,61.842299999999994,62.59845,62.78529899067104,62.3824495452489,66.3081649129931,0.4028494454221345,0.16177959048973428,0.24106985493240024
2020-02-06,63.599000000000004,62.718500000000006,62.4014,61.913199999999996,62.591300000000004,64.1137145305678,63.05189772708231,81.37387160235085,1.0618168034854918,0.3417870330888858,0.720029770396606
2020-02-07,64.316,63.142500000000005,62.526,61.9692,62.57589999999999,64.95621998740353,63.53620159915029,71.59232820174705,1.42001838825324,0.5574333041217566,0.8625850841314834
2020-02-10,65.077,63.579499999999996,62.638999999999996,62.023,62.558150000000005,65.63680152780299,63.96907555476878,70.54438499450356,1.6677259730342087,0.779491837904247,0.8882341351299616
2020-02-11,65.73700000000001,63.9815,62.74,62.079899999999995,62.537299999999995,66.18498590814099,64.35655143960072,69.60391953268758,1.8284344685402658,0.9892803640314508,0.839154104508815
2020-02-12,66.388,64.3845,62.846399999999996,62.139500000000005,62.52245,66.68421884535006,64.73236244407474,70.15149378032706,1.9518564012753217,1.181795571480225,0.7700608297950966
2020-02-13,67.102,64.7725,62.9678,62.217600000000004,62.5057,67.13433902298851,65.09366892969882,70.59790293172222,2.040670093289691,1.3535704758421183,0.6870996174475728
2020-02-14,67.806,65.071,63.081199999999995,62.2935,62.486900000000006,67.33213301945182,65.3400638237952,63.804025505847605,1.9920691956566117,1.481270219805017,0.5107989758515947
2020-02-18,68.428,65.374,63.2098,62.382600000000004,62.498000000000005,67.56257409338231,65.5985776146252,65.05190040696795,1.9639964787571103,1.5778154715954358,0.38618100716167447
2020-02-19,68.973,65.70349999999999,63.3432,62.4695,62.54615,67.76525500209272,65.84164593946778,65.20942313955129,1.9236090626249336,1.6469741898013355,0.2766348728235981
2020-02-20,69.43199999999999,66.072,63.4812,62.56849999999999,62.59595,68.04136961715537,66.11707957358128,67.36389853512915,1.9242900435740893,1.7024373605558865,0.22185268301820282
2020-02-21,69.299,66.449,63.64540000000001,62.6819,62.653850000000006,68.35654352220838,66.41136997553822,68.97648338083256,1.945173546670162,1.7509845977787417,0.19418894889142035
2020-02-24,69.082,66.699,63.77179999999999,62.7534,62.69605000000001,68.2124599034071,66.48608331068354,54.39495635073513,1.726376592723554,1.7460629967677044,-0.019686404044150452
2020-02-25,68.591,66.834,63.8476,62.791900000000005,62.7229,67.63669684134446,66.33674380618847,43.462613684254,1.299953035155994,1.6568410044453623,-0.3568879692893683
2020-02-26,67.999,66.868,63.8778,62.8253,62.74365000000001,66.96643578882993,66.1103183390634,39.97260369590469,0.8561174497665291,1.4966962935095958,-0.6405788437430666
2020-02-27,67.288,66.83800000000001,63.891400000000004,62.84669999999999,62.77085,66.25159951362532,65.82955401765129,37.36587999907985,0.4220454959740323,1.2817661340024833,-0.859720638028451
2020-02-28,66.42,66.761,63.876799999999996,62.8509,62.786750000000005,65.43289189614451,65.46662409041787,33.916998843527026,-0.033732194273355276,1.0186664683473157,-1.052398662620671
2020-03-02,65.711,66.7585,63.868199999999995,62.861399999999996,62.800399999999996,64.80167775827613,65.16020749112765,35.75469737484343,-0.35852973285152245,0.743227228107548,-1.1017569609590705
2020-03-03,64.789,66.6085,63.81399999999999,62.868500000000004,62.805249999999994,64.00295810315671,64.74908101030337,31.67561309504417,-0.7461229071466562,0.4453572010567072,-1.1914801082033635
2020-03-04,64.118,66.5455,63.8032,62.89580000000001,62.81889999999999,63.72096454882492,64.55803797250312,42.238121806774956,-0.8370734236781985,0.1888710761097261,-1.0259444997879246
2020-03-05,63.15500000000001,66.2935,63.7374,62.8971,62.818599999999996,63.13773923362108,64.21522034491029,36.867465554078024,-1.0774811112892095,-0.06439936137006105,-1.0130817499191485
2020-03-06,61.970000000000006,65.63449999999999,63.6496,62.87339999999999,62.80479999999999,62.38424088998707,63.77261143047249,33.41530088284604,-1.3883705404854183,-0.3291935971931325,-1.0591769432922857
2020-03-09,60.62399999999999,64.853,63.4808,62.809200000000004,62.7671,61.08820382998906,63.04575132451156,26.61763974598884,-1.957547494522501,-0.6548643766590063,-1.3026831178634948
2020-03-10,59.75500000000001,64.173,63.354,62.753600000000006,62.74059999999999,60.27155708691382,62.50754752269589,32.87130515002616,-2.235990435782064,-0.9710895884836179,-1.264900847298446
2020-03-11,58.742,63.37050000000001,63.1738,62.6712,62.69700000000001,59.17593291969631,61.81439585434804,29.022336435860836,-2.6384629346517343,-1.3045642577172414,-1.333898676934493
2020-03-12,57.408,62.348,62.9204,62.547200000000004,62.631550000000004,57.60732785512764,60.86369986513708,24.186557102897964,-3.2563720100094358,-1.6949258081756804,-1.5614462018337554
2020-03-13,56.57700000000001,61.4985,62.7324,62.467000000000006,62.585249999999995,56.84004664664647,60.25305543068248,34.45334618894282,-3.413008784036009,-2.038542403347746,-1.374466380688263
2020-03-16,54.802,60.2565,62.3656,62.295,62.49134999999999,54.80003947023933,59.01801428766897,25.29255701332815,-4.217974817429642,-2.4744288861641253,-1.7435459312655168
2020-03-17,53.851,59.32000000000001,62.1404,62.196999999999996,62.4322,54.07695647481789,58.357420636730524,38.08030667759733,-4.280464161912633,-2.835635941313827,-1.4448282205988061
2020-03-18,52.38099999999999,58.2495,61.875,62.0682,62.36685000000001,53.06050163253821,57.55094503400974,35.44473504653918,-4.490443401471531,-3.166597433345368,-1.3238459681261627
2020-03-19,51.037,57.096000000000004,61.5984,61.92799999999999,62.293800000000005,52.049655227532334,56.731615772231244,34.486915382331716,-4.68196054469891,-3.469670055616077,-1.2122904890828332
2020-03-20,49.623,55.796499999999995,61.2658,61.7644,62.203399999999995,50.82663134637351,55.79594052984374,32.201502557720474,-4.96930918347023,-3.7695978811869075,-1.1997113022833226
2020-03-23,48.382,54.503,60.8746,61.57320000000001,62.10165,49.39945729308528,54.740685675781236,29.923034693505116,-5.3412283826959595,-4.083923981488718,-1.2573044012072412
2020-03-24,47.445,53.6,60.59,61.4328,62.019800000000004,48.939540786456774,54.12359784794559,38.809544582103875,-5.184057061488815,-4.303950597488738,-0.8801064640000771
2020-03-25,46.898999999999994,52.8205,60.320600000000006,61.3108,61.9431,48.7473037423865,53.647035044394066,40.93402013977615,-4.899731302007567,-4.423106738392504,-0.47662456361506234
2020-03-26,46.983000000000004,52.1955,60.0896,61.199600000000004,61.87535,48.912333935865504,53.36355096703154,44.393778412946155,-4.451217031166038,-4.428728796947211,-0.022488234218827508
2020-03-27,46.387,51.48199999999999,59.78580000000001,61.053900000000006,61.7979,48.56582102265543,52.86699163614031,40.5947673129842,-4.301170613484885,-4.403217160254746,0.10204654676986102
2020-03-30,46.766999999999996,50.7845,59.484399999999994,60.90700000000001,61.723099999999995,48.38338701916998,52.46054781124103,41.81650605816299,-4.077160792071048,-4.3380058866180065,0.2608450945469585
2020-03-31,46.404,50.1275,59.1584,60.7525,61.64725000000001,48.08901978545152,52.01680352892688,40.6778177253683,-3.9277837434753593,-4.255961457989477,0.32817771451411737
2020-04-01,45.908,49.1445,58.7628,60.555,61.547000000000004,47.23070904922821,51.31259586011748,36.074265238958084,-4.081886810889273,-4.221146528569436,0.13925971768016332
2020-04-02,45.688,48.3625,58.404799999999994,60.3676,61.44985,46.778292272423876,50.792403574182856,39.39441446908705,-4.01411130175898,-4.179739483207346,0.16562818144836555
2020-04-03,45.618,47.6205,58.02179999999999,60.173,61.3538,46.258554999743275,50.24481812424339,38.32266742651344,-3.9862631245001126,-4.141044211465899,0.1547810869657864
2020-04-06,46.308,47.345000000000006,57.7424,60.03110000000001,61.275200000000005,46.59570038439816,50.11186863355869,47.1145156997851,-3.516168249160536,-4.016069019004826,0.4999007698442899
2020-04-07,46.447,46.946,57.463,59.880700000000004,61.1919,46.7809772483369,49.940619105146936,46.20162555332299,-3.1596418568100333,-3.844783586565868,0.6851417297558346
2020-04-08,46.817,46.858,57.23879999999999,59.7695,61.128600000000006,47.49005767166969,50.04798065291383,51.76102218920704,-2.5579229812441397,-3.5874114655015226,1.0294884842573828
2020-04-09,47.263,47.123,57.066,59.68120000000001,61.0842,48.53466418372051,50.36146356751281,55.72729549339283,-1.8267993837922987,-3.235289049159678,1.4084896653673793
2020-04-13,47.867000000000004,47.126999999999995,56.870599999999996,59.574400000000004,61.032399999999996,49.17548507853274,50.53468848843779,53.154142639964164,-1.3592034099050494,-2.8600719213087524,1.500868511403703
2020-04-14,48.536,47.6515,56.724399999999996,59.4788,60.987449999999995,49.92848737414309,50.79656341522017,55.09049355220761,-0.8680760410770816,-2.4616727452624185,1.593596704185337
2020-04-15,49.083,47.7435,56.511,59.358999999999995,60.930200000000006,50.237950855044154,50.88126242150016,51.524578139229696,-0.6433115664560063,-2.0980005095011363,1.45468894304513
2020-04-16,49.979,47.9435,56.27179999999999,59.2386,60.86615,50.42749687734505,50.92487261250015,50.744060844071875,-0.4973757351551029,-1.7778755546319298,1.280499819476827
2020-04-17,50.931,48.3095,56.04860000000001,59.142700000000005,60.813399999999994,50.947881973138124,51.13858575231496,54.44417154775519,-0.190703779176836,-1.4604411995409112,1.2697374203640752
2020-04-20,51.843999999999994,48.730999999999995,55.6708,59.0361,60.75515,51.191284746501495,51.2416534743657,52.136994607195895,-0.05036872786420332,-1.1784267052055697,1.1280579773413664
2020-04-21,52.098,49.202999999999996,55.2988,58.9124,60.68655,51.16031786242434,51.223012476264536,49.42332540127423,-0.06269461384019337,-0.9552802869324944,0.8925856730923011
2020-04-22,52.544,49.4955,54.9564,58.79769999999999,60.626850000000005,51.329499729743674,51.29982636691161,51.65794549962117,0.029673362832063788,-0.7582895569795828,0.7879629198116466
2020-04-23,52.67,49.7435,54.6254,58.6827,60.5682,51.53265361747542,51.39983922862186,52.35412985802021,0.13281438885356067,-0.5800687678129541,0.7128831566665148
2020-04-24,52.623000000000005,49.943,54.313,58.5797,60.51695000000001,51.88301459940227,51.57836965613135,54.45508657013855,0.3046449432709224,-0.4031260255961788,0.7077709688671012
2020-04-27,52.956999999999994,50.412,54.041599999999995,58.5047,60.470699999999994,52.52255081487885,51.908860792714215,58.26507001072243,0.6136900221646329,-0.19976281604401647,0.8134528382086493
2020-04-28,53.202999999999996,50.8695,53.8038,58.4425,60.42405000000001,53.13908145874364,52.25116740066131,59.07518347183241,0.8879140580823304,0.01777255878125289,0.8701414993010774
2020-04-29,53.931999999999995,51.50750000000001,53.6118,58.4108,60.391099999999994,54.07614584970615,52.768117963575286,63.302240237768274,1.3080278861308656,0.2758236242511754,1.0322042618796903
2020-04-30,54.587,52.283,53.3946,58.3689,60.35145000000001,54.68289264205905,53.15714626256971,60.29651129343427,1.525746379489341,0.5258081752988085,0.9999382041905326
2020-05-01,54.85600000000001,52.893499999999996,53.1334,58.3073,60.307750000000006,54.96244762020381,53.40476505793492,56.65712490110483,1.5576825622688943,0.7321830526928257,0.8254995095760687
2020-05-04,55.242,53.54299999999999,52.859399999999994,58.252399999999994,60.26005,55.18207106324938,53.625893572161964,56.39185611379002,1.5561774910874178,0.8969819403717441,0.6591955507156737
2020-05-05,55.85699999999999,53.9775,52.653800000000004,58.21280000000001,60.22005,55.483290899672554,53.88619775200182,57.84120541774671,1.5970931476707335,1.037004181831542,0.5600889658391914
2020-05-06,56.39,54.467,52.5162,58.1819,60.180249999999994,55.80739999203062,54.16055347407576,58.72754810929381,1.646846517954856,1.158972649056205,0.48787386889865103
2020-05-07,57.001,54.83549999999999,52.4258,58.151799999999994,60.1447,56.26164614710283,54.50125321673682,61.02206042192021,1.7603929303660095,1.2792567053181658,0.4811362250478437
2020-05-08,57.33599999999999,54.979499999999994,52.3226,58.107,60.1017,56.399854432163934,54.698197422904464,56.404007667487846,1.7016570092594705,1.3637367661064268,0.3379202431530437
2020-05-11,57.287,55.122,52.215,58.0459,60.05055,56.2691075964464,54.761293910096725,52.12895364986794,1.507813686349678,1.392552150155077,0.115261536194601
2020-05-12,56.955000000000005,55.07899999999999,52.052600000000005,57.9604,59.9846,55.79847565853157,54.64638325008956,46.60057724422698,1.1520924084420088,1.3444602018124636,-0.19236779337045484
2020-05-13,55.98,54.956,51.85,57.83200000000001,59.901799999999994,54.82640248029595,54.263688194527376,39.423446697712265,0.5627142857685712,1.1881110186036852,-0.625396732835114
2020-05-14,55.251999999999995,54.919500000000006,51.6214,57.712300000000006,59.828849999999996,54.197725175635036,54.002674254192016,42.63736644423214,0.19505092144301983,0.9894989991715522,-0.7944480777285323
2020-05-15,54.620000000000005,54.738,51.4264,57.581900000000005,59.75405,53.57961361015272,53.71951319832594,41.58144357325693,-0.1398995881732219,0.7636192817025974,-0.9035188698758193
2020-05-18,54.294999999999995,54.768499999999996,51.3244,57.486999999999995,59.68770000000001,53.5119807470523,53.676586294746244,48.79926870460587,-0.1646055476939452,0.577974315823289,-0.7425798635172342
2020-05-19,53.729,54.79299999999999,51.2748,57.37780000000001,59.62765,53.19936832442887,53.513876198839114,45.410710917035765,-0.3145078744102463,0.3994778777765819,-0.7139857521868282
2020-05-20,53.226,54.80799999999999,51.2104,57.2822,59.58025,53.10100396682443,53.443218702628805,47.94337694586522,-0.3422147358043759,0.25113935506039037,-0.5933540908647663
2020-05-21,52.524,54.7625,51.1822,57.17799999999999,59.52605,52.891618741159135,53.31705435428593,46.19109679510024,-0.425435613126794,0.11582436142295349,-0.5412599745497475
2020-05-22,51.952999999999996,54.644499999999994,51.2316,57.076,59.47225,52.66983124251927,53.17875403174623,45.55693763155368,-0.5089227892269577,-0.009125068707028727,-0.49979772051992893
2020-05-26,51.724000000000004,54.5055,51.244400000000006,56.98839999999999,59.41875,52.76062643597784,53.18477225161688,50.15647359553247,-0.4241458156390365,-0.09212921809343029,-0.33201659754560625
2020-05-27,51.938,54.4465,51.4798,56.922700000000006,59.38320000000001,53.158991599673556,53.34515949223785,54.895051835657384,-0.186167892564292,-0.11093695298760264,-0.07523093957668936
2020-05-28,52.36,54.169999999999995,51.55179999999999,56.8461,59.34585,53.242223661262244,53.37144397429431,50.78981456068252,-0.12922031303206438,-0.114593624996495,-0.01462668803556938
2020-05-29,52.586,53.919,51.6624,56.768699999999995,59.302150000000005,53.204958482606514,53.34392960582806,49.111822528637695,-0.1389711232215447,-0.11946912464150496,-0.019501998580039745
2020-06-01,52.85300000000001,53.7365,51.7896,56.694,59.26315,53.15034948528243,53.30734222761858,48.74022000504572,-0.15699274233614346,-0.12697384818043267,-0.030018894155710796
2020-06-02,52.86899999999999,53.581999999999994,51.9736,56.6197,59.22675,53.17337264139283,53.30679835890609,49.96338890335355,-0.13342571751326204,-0.12826422204699856,-0.005161495466263488
2020-06-03,53.25600000000001,53.49249999999999,52.2496,56.5621,59.197399999999995,53.50823838887085,53.45814662861675,55.20716644117601,0.050091760254098006,-0.09259302558677925,0.14268478584087724
2020-06-04,53.56,53.392999999999994,52.4334,56.5117,59.1661,53.8300478675061,53.616802433904404,55.81530019710216,0.21324543360169912,-0.03142533374908358,0.2446707673507827
2020-06-05,54.168000000000006,53.346000000000004,52.635999999999996,56.4783,59.147299999999994,54.443886657120544,53.92815040176334,60.892748577138356,0.5157362553572042,0.07800698407217399,0.43772927128503025
2020-06-08,54.88099999999999,53.416999999999994,52.8112,56.4504,59.130500000000005,55.08021178679431,54.27273185348457,62.482231648755544,0.807479933309736,0.2239015739196864,0.5835783593900497
2020-06-09,55.274,53.499,53.02179999999999,56.403800000000004,59.11045,55.40479458882595,54.48882579026349,57.851011148684,0.91596879856246,0.36231501884824113,0.5536537797142189
2020-06-10,55.492000000000004,53.714999999999996,53.2248,56.3546,59.098099999999995,55.73174926746811,54.71409795394768,58.65820356080128,1.0176513135204317,0.4933822777826793,0.5242690357377524
2020-06-11,55.488,53.924,53.368599999999994,56.2635,59.06705000000001,55.41301861093455,54.63601662402563,47.50611608541549,0.7770019869089211,0.5501062196079277,0.22689576730099337
2020-06-12,55.66799999999999,54.126999999999995,53.6144,56.188599999999994,59.04255,55.318708055406155,54.64816354076447,50.49205473826558,0.6705445146416835,0.574193878614679,0.09635063602700455
2020-06-15,55.85,54.3515,53.82200000000001,56.1134,59.014700000000005,55.218906816112906,54.6497810562634,50.141790982018875,0.5691257598495056,0.5731802548616444,-0.004054495012138726
2020-06-16,56.056999999999995,54.463,54.061400000000006,56.041599999999995,58.984649999999995,55.242151921326304,54.703130607651296,52.069849966174075,0.5390213136750077,0.566348466624317,-0.02732715294930932
2020-06-17,56.07099999999999,54.6635,54.20219999999999,55.9723,58.95515,55.28028239496841,54.76141722930675,52.40960883793983,0.5188651656616585,0.5568518064317853,-0.03798664077012681
2020-06-18,56.0,54.78000000000001,54.34400000000001,55.9035,58.922200000000004,55.22023894958865,54.770941878987735,50.482708073356854,0.4492970706009132,0.5353408592656109,-0.08604378866469775
2020-06-19,55.634,54.900999999999996,54.39940000000001,55.8191,58.880950000000006,55.05712526503655,54.72568692498864,48.16256721625451,0.33143834004790307,0.4945603554220694,-0.16312201537416632
2020-06-22,55.161,55.021,54.3908,55.7284,58.828900000000004,54.87141368580016,54.660821226841335,47.17111594110115,0.21059245895882128,0.4377667761294198,-0.2271743171705985
2020-06-23,54.962,55.11800000000001,54.44080000000001,55.6557,58.78265,54.921965426446285,54.70076039522346,51.82231018277577,0.22120503122282287,0.3944544271481004,-0.17324939592527755
2020-06-24,54.589,55.040499999999994,54.4354,55.57990000000001,58.73075,54.74935536083916,54.63403740298469,47.182959821516995,0.1153179578544723,0.33862713328937477,-0.22330917543490247
2020-06-25,54.782000000000004,55.135000000000005,54.5084,55.509699999999995,58.685,54.87868530532544,54.70484944720804,52.97912540097558,0.17383585811739977,0.3056688782549798,-0.13183302013758003
2020-06-26,54.823,55.24550000000001,54.583200000000005,55.4275,58.63425,54.92965679681384,54.74226800667411,51.6824680768215,0.1873887901397282,0.2820128606319295,-0.09462407049220128
2020-06-29,55.004999999999995,55.427499999999995,54.636799999999994,55.34270000000001,58.5925,55.16970959730402,54.87172963580936,55.622454850187225,0.29797996149466144,0.2852062808044759,0.01277368069018553
2020-06-30,55.15,55.6035,54.7226,55.1967,58.55495,55.423600428488015,55.01604595908274,56.60492445660998,0.4075544694052766,0.30967591852463605,0.09787855088064057
2020-07-01,55.242999999999995,55.657000000000004,54.831199999999995,55.065,58.5171,55.57689267025909,55.120042554706245,55.01503126926598,0.4568501155528466,0.3391107579302782,0.11773935762256843
2020-07-02,55.362,55.681,54.9076,54.931999999999995,58.4775,55.654293797911535,55.1911505136169,53.63600120538416,0.46314328429463814,0.36391726320315015,0.09922602109148798
2020-07-06,55.572,55.602999999999994,54.9798,54.802600000000005,58.44125,55.74747936746361,55.27032454964528,54.289265380818144,0.4771548178183309,0.38656477412618634,0.09059004369214457
2020-07-07,55.772000000000006,55.46650000000001,55.0206,54.666799999999995,58.40315,55.76325177246921,55.313263471893784,52.475582879778194,0.44998830057542705,0.3992494794160345,0.050738821159392544
2020-07-08,55.822,55.39200000000001,55.0138,54.527699999999996,58.37265,55.753520730550875,55.341910622123876,51.7938448285302,0.4116101084269985,0.4017216052182273,0.009888503208771215
2020-07-09,55.970000000000006,55.279500000000006,54.9888,54.396300000000004,58.344899999999996,55.680671387389204,55.337324650114695,49.84133752669871,0.3433467372745085,0.3900466316294836,-0.046699894354975124
2020-07-10,55.989,55.3855,54.919799999999995,54.2658,58.3242,55.69595271240625,55.37011541677286,52.153762771369955,0.3258372956333915,0.37720476443026524,-0.05136746879687376
2020-07-13,56.114,55.468500000000006,54.8886,54.1416,58.305550000000004,55.81349844895914,55.45084760812302,55.180092880849415,0.36265084083611754,0.37429397971143574,-0.011643138875318204
2020-07-14,56.112,55.558499999999995,54.88799999999999,54.01070000000001,58.2896,55.91449868758081,55.526340377891685,55.22494473597879,0.3881583096891248,0.3770668457069736,0.011091463982151217
2020-07-15,56.397000000000006,55.7735,54.953599999999994,53.90650000000001,58.294200000000004,56.49226812026068,55.83327812767749,66.70655607855622,0.6589899925831944,0.43345147508221776,0.2255385175009766
2020-07-16,56.86,56.0515,55.031800000000004,53.8428,58.2981,57.19345764022057,56.21970197007175,70.24957649568432,0.9737556701488188,0.541512314095538,0.4322433560532808
2020-07-17,57.394999999999996,56.378499999999995,55.108599999999996,53.8124,58.302150000000005,57.84523338787895,56.60564997228866,71.15970725336896,1.239583415590289,0.6811265343944882,0.5584568811958007
2020-07-20,57.94,56.75600000000001,55.1676,53.7967,58.31100000000001,58.439812866666806,56.98374997434135,71.84322941408087,1.4560628923254555,0.8361138059806816,0.6199490863447739
2020-07-21,58.51700000000001,57.144499999999994,55.25679999999999,53.7897,58.3182,58.92907242564114,57.32717590216792,71.25862841211348,1.601896523473215,0.9892703494791883,0.6126261739940266
2020-07-22,59.142999999999994,57.482499999999995,55.385,53.8,58.325450000000004,59.395368975542496,57.67034805756289,72.17962450491721,1.7250209179796059,1.136420463179272,0.5886004548003338
2020-07-23,59.823,57.8965,55.5624,53.8075,58.334450000000004,59.80838913315134,57.99698894218786,72.51439152492769,1.8114001909634752,1.2714164087361128,0.5399837822273623
2020-07-24,60.425,58.20700000000001,55.8088,53.82939999999999,58.34895,60.11479080497421,58.27869346498876,70.38611458331098,1.83609733998545,1.3843525949859803,0.4517447449994698
2020-07-27,61.122,58.617999999999995,56.062599999999996,53.842,58.368900000000004,60.624822988824334,58.66027172684145,74.98827572864758,1.9645512619828835,1.5003923283853609,0.4641589335975227
2020-07-28,61.739,58.9255,56.311800000000005,53.869099999999996,58.38309999999999,60.9348502213129,58.95506641374209,69.3621055054314,1.9797838075708114,1.5962706242224511,0.38351318334836026
2020-07-29,62.251,59.324,56.5448,53.9346,58.404,61.527950187264764,59.38728371642786,74.88481223485978,2.140666470836905,1.705149793545342,0.43551667729156307
2020-07-30,63.064,59.962,56.8988,54.086800000000004,58.448,62.705188619993265,60.112670107803574,82.0139805442818,2.5925185121896916,1.882623537274212,0.7098949749154797
2020-07-31,63.753,60.574,57.214000000000006,54.212199999999996,58.4829,63.56900575537891,60.72062047018849,77.3800445753383,2.8483852851904174,2.075775886857453,0.7726093983329645
2020-08-03,64.386,61.163,57.54,54.36109999999999,58.516149999999996,64.25685102378215,61.26279673165601,75.87684832248645,2.994054292126137,2.25943156791119,0.734622724214947
2020-08-04,65.01599999999999,61.76649999999999,57.869400000000006,54.55049999999999,58.54885,64.82041240473875,61.75592289968149,75.20258832376038,3.06448950505726,2.4204431553404038,0.6440463497168563
2020-08-05,65.56300000000002,62.35300000000001,58.1528,54.6986,58.5828,65.22188741939432,62.17622490711249,72.37443584364897,3.0456625122818295,2.545487026728689,0.5001754855531404
2020-08-06,66.113,62.967999999999996,58.3974,54.938599999999994,58.616800000000005,65.58467397025673,62.576504543622676,72.71274191610172,3.008169426634055,2.6380235067097626,0.37014591992429224
2020-08-07,66.68100000000001,63.553,58.673,55.11240000000001,58.65469999999999,65.87626259021724,62.939726429280256,72.0790168055258,2.9365361609369813,2.697726037555207,0.23881012338177454
2020-08-10,67.049,64.0855,58.955200000000005,55.3088,58.688500000000005,66.06606834556843,63.24863558266691,69.6598848743171,2.817432762901518,2.721667382624469,0.09576538027704906
2020-08-11,67.438,64.58850000000001,59.2288,55.5092,58.71860000000001,66.1374424462502,63.491699613580465,65.92471861718738,2.6457428326697396,2.7064824726335233,-0.06073963996378362
2020-08-12,67.65700000000001,64.95400000000001,59.502399999999994,55.738,58.7512,66.26706668528864,63.750092234796725,67.38589245550128,2.516974450491915,2.668580868205202,-0.15160641771328676
2020-08-13,67.429,65.2465,59.7334,55.991499999999995,58.782349999999994,66.36444104139808,63.983418735922896,66.8371826406767,2.3810223054751845,2.6110691556591985,-0.23004685018401405
2020-08-14,67.29,65.5215,59.96,56.1967,58.814750000000004,66.45145011195223,64.20168401474342,66.94587907723673,2.2497660972088056,2.53880854396912,-0.2890424467603143
2020-08-17,67.24,65.813,60.1544,56.3952,58.852999999999994,66.61891932549804,64.44896668031798,69.15938258752152,2.169952645180061,2.465037364211308,-0.2950847190312471
2020-08-18,67.17,66.093,60.327200000000005,56.5692,58.88440000000001,66.71139327542141,64.65422840770184,66.63832088211925,2.057164867719578,2.383462864912962,-0.3262979971933837
2020-08-19,67.116,66.33950000000002,60.52120000000001,56.771499999999996,58.912699999999994,66.7388712330489,64.81984111824244,64.04551653799368,1.9190301148064606,2.290576314891662,-0.37154620008520123
2020-08-20,66.98800000000001,66.5505,60.6966,56.960699999999996,58.93385,66.67135258181061,64.92948251689114,59.58193895690104,1.7418700649194676,2.1808350648972232,-0.4389649999777556
2020-08-21,66.812,66.7465,60.93780000000001,57.153200000000005,58.95285,66.52499064614744,64.9880393674918,55.48788825228338,1.5369512786556498,2.0520583076489087,-0.5151070289932589
2020-08-24,66.863,66.956,61.1942,57.404300000000006,58.97964999999999,66.69345362366323,65.18299941434425,64.1727409930678,1.5104542093189792,1.943737487982923,-0.4332832786639438
2020-08-25,66.90400000000001,67.171,61.4396,57.6308,58.9992,66.73138383540734,65.3131476058743,59.68440727003638,1.4182362295330364,1.8386372362929457,-0.4204010067599093
2020-08-26,66.98100000000001,67.319,61.687200000000004,57.87429999999999,59.023649999999996,66.88809401457544,65.49365519062435,63.00375665986631,1.3944388239510914,1.7497975538245751,-0.3553587298734837
2020-08-27,67.03200000000001,67.2305,61.9256,58.0639,59.0475,66.9683872431023,65.63560665798552,60.742995389739605,1.3327805851167795,1.666394160083016,-0.33361357496623656
2020-08-28,67.10799999999999,67.199,62.181599999999996,58.2628,59.07175,67.07940459031732,65.78778394257918,61.953771027947845,1.2916206477381422,1.5914394576140414,-0.29981880987589915
2020-08-31,67.03999999999999,67.14000000000001,62.4356,58.4175,59.093500000000006,67.04565003796081,65.86720735423998,56.400670606707806,1.1784426837208315,1.5088401028353995,-0.330397419114568
2020-09-01,67.015,67.0925,62.698,58.544399999999996,59.1128,67.03401157058222,65.94889569837035,56.951384766298,1.0851158722118726,1.4240952567106941,-0.3389793844988216
2020-09-02,67.208,67.162,62.9704,58.7056,59.14,67.30877902126187,66.16157009108366,64.96625844646769,1.1472089301782091,1.3687179914041974,-0.22150906122598824
2020-09-03,67.28999999999999,67.139,63.2368,58.836099999999995,59.15745,67.27973609491389,66.23256489915154,54.858727062019874,1.0471711957623455,1.304408632275827,-0.2572374365134815
2020-09-04,67.399,67.1055,63.4612,58.98480000000001,59.171899999999994,67.20746900338867,66.27533786958476,53.232316941263946,0.9321311338039067,1.2299531325814432,-0.29782199877753657
2020-09-08,67.197,67.03,63.669,59.12610000000001,59.18235000000001,66.96016607979041,66.22531284220811,47.333543454891156,0.7348532375822998,1.1309331535816147,-0.3960799159993149
2020-09-09,67.14399999999999,67.024,63.867399999999996,59.2521,59.197399999999995,66.87552514443804,66.23899337241492,51.22961452443829,0.636531772023119,1.0320528772699156,-0.3955211052467966
2020-09-10,66.925,66.953,64.04220000000001,59.3824,59.209250000000004,66.67313666067834,66.18869756705085,47.277194776552825,0.4844390936274863,0.9225301205414297,-0.4380910269139434
2020-09-11,67.002,67.01700000000001,64.2774,59.554300000000005,59.23335,66.90496178980474,66.33620145097301,58.02657510537651,0.568760338831737,0.8517761641994912,-0.28301582536775416
2020-09-14,67.16199999999999,67.135,64.5416,59.7246,59.26115000000001,67.2718907452194,66.55500134349353,61.59877963197469,0.7168894017258651,0.8247988117047661,-0.10790940997890097
2020-09-15,67.489,67.2645,64.819,59.89940000000001,59.291050000000006,67.7115998613395,66.81981605879031,64.08949667093353,0.8917838025491847,0.8381958098736498,0.053587992675534823
2020-09-16,67.864,67.4395,65.1164,60.0685,59.3241,68.17443065190265,67.10871857295399,65.76890965756405,1.065712078948664,0.8836990636886527,0.18201301526001135
2020-09-17,67.994,67.601,65.40480000000001,60.209300000000006,59.357,68.47374901314839,67.33177645643889,62.56450082010958,1.1419725567095043,0.935353762292823,0.2066187944166813
2020-09-18,68.16799999999999,67.729,65.6764,60.3326,59.387550000000005,68.53317224189479,67.44497820040638,56.35490956110778,1.088194041488407,0.9659218181319399,0.12227222335646715
2020-09-21,68.226,67.8125,65.9086,60.4142,59.4125,68.3572995892956,67.44090574111702,50.10661407077074,0.9163938481785721,0.9560162241412664,-0.039622375962694356
2020-09-22,68.491,67.84400000000001,66.1444,60.51650000000001,59.4427,68.34079196017319,67.50083864918243,53.36433428768984,0.8399533109907651,0.9328036415111662,-0.09285033052040115
2020-09-23,68.559,67.8515,66.3568,60.622400000000006,59.464850000000006,68.14836242783886,67.4704061566504,48.74144563919911,0.6779562711884637,0.8818341674466257,-0.203877896258162
2020-09-24,68.693,67.809,66.5014,60.7275,59.48995,67.9563066697098,67.42815384875037,48.00785308200016,0.5281528209594342,0.8110978981491874,-0.28294507718975326
2020-09-25,68.683,67.8425,66.642,60.83689999999999,59.524849999999994,67.97533641283138,67.47643874884294,52.76288031543691,0.49889766398844415,0.7486578513170388,-0.24976018732859462
2020-09-28,68.68599999999999,67.924,66.7998,60.9542,59.56804999999999,68.18220773393425,67.61299884152123,57.193360087679274,0.5692088924130161,0.7127680595362342,-0.14355916712321815
2020-09-29,68.57300000000001,68.03099999999999,66.9456,61.056599999999996,59.6042,68.3080219287136,67.71573966807522,55.740410685942344,0.5922822606383846,0.6886708997566644,-0.09638863911827977
2020-09-30,68.44300000000001,68.1535,67.1016,61.1792,59.6431,68.47909547814228,67.84198117414371,57.27458655670706,0.6371143039985725,0.6783595806050461,-0.04124527660647359
2020-10-01,68.364,68.179,67.24900000000001,61.317,59.68145,68.6100038661204,67.95220479087381,56.820072359858884,0.6577990752465865,0.6742474795333543,-0.016448404286767748
2020-10-02,68.364,68.266,67.3846,61.4735,59.71695,68.64846480979418,68.01944888043872,54.39254088863366,0.6290159293554609,0.6652011694977756,-0.03618524014231472
2020-10-05,68.718,68.472,67.5672,61.687999999999995,59.76,68.999470223672,68.23504525966548,62.07714182289606,0.7644249640065226,0.685045928399525,0.07937903560699755
2020-10-06,68.876,68.68350000000001,67.6952,61.8789,59.79560000000001,69.12724403541478,68.35319005524582,56.61774075459471,0.7740539801689579,0.7028475387534117,0.07120644141554622
2020-10-07,69.39099999999999,68.975,67.8872,62.0995,59.8407,69.60612956842789,68.64110190300539,64.07272324638615,0.9650276654224967,0.7552835640872286,0.2097441013352681
2020-10-08,69.992,69.3425,68.0496,62.297200000000004,59.8921,70.11441732713129,68.95731657685684,65.8306994607882,1.1571007502744521,0.8356470013246734,0.32145374894977874
2020-10-09,70.49199999999999,69.5875,68.1276,62.5132,59.9455,70.57066081526494,69.26270053412671,66.2815320793827,1.3079602811382358,0.9301096572873859,0.3778506238508499
2020-10-12,71.023,69.8545,68.2538,62.733900000000006,60.00805,71.19517453599342,69.66027827233954,70.14883339094598,1.5348962636538772,1.0510669785606843,0.4838292850931929
2020-10-13,71.44500000000001,70.009,68.3574,62.94870000000001,60.06335,71.50668614584059,69.92396136327736,63.06305917719255,1.5827247825632327,1.157398539361194,0.4253262432020386
2020-10-14,71.899,70.171,68.4782,63.1738,60.1249,71.8841190464805,70.22292718821977,65.0579213014676,1.661191858260736,1.2581572031411024,0.40303465511963354
2020-10-15,72.338,70.351,68.604,63.3784,60.1834,72.1665622700989,70.48196961872202,63.853438902613114,1.6845926513768745,1.3434442927882568,0.3411483585886177
2020-10-16,72.788,70.576,68.7196,63.5585,60.24059999999999,72.35016807469907,70.69515705437225,61.999214033454464,1.6550110203268247,1.4057576382959707,0.249253382030854
2020-10-19,72.91499999999999,70.81649999999999,68.81400000000001,63.743500000000004,60.2948,72.32706529397613,70.80662690219651,56.323649466174516,1.5204383917796207,1.4286937889927007,0.09174460278691998
2020-10-20,73.26700000000001,71.07149999999999,68.9388,63.946999999999996,60.35785,72.48443986413365,70.99502490944121,60.21227828953356,1.4894149546924353,1.4408380221326476,0.04857693255978779
2020-10-21,73.33200000000001,71.3615,69.06599999999999,64.1474,60.4207,72.54683373119,71.13539343466779,57.98827703529768,1.4114402965222155,1.4349584770105612,-0.023518180488345752
2020-10-22,73.379,71.68549999999999,69.194,64.34819999999999,60.48394999999999,72.67501315716078,71.30166058765536,59.696013696872335,1.373352569505414,1.4226372955095319,-0.04928472600411782
2020-10-23,73.483,71.9875,69.33840000000001,64.5359,60.549,72.89731882528989,71.51042647005126,62.19530280127656,1.3868923552386292,1.4154883074553515,-0.028595952216722287
2020-10-26,73.291,72.15700000000001,69.454,64.707,60.609350000000006,72.86850054447606,71.59928376856598,55.17461184575218,1.2692167759100812,1.3862340011462975,-0.11701722523621627
2020-10-27,73.30799999999999,72.3765,69.571,64.8627,60.670500000000004,72.94873122994129,71.73192941533887,57.657046907090674,1.2168018146024195,1.352347563837522,-0.13554574923510243
2020-10-28,73.02199999999999,72.4605,69.6486,64.9879,60.71915,72.66431104071955,71.68511982901747,48.01365423650585,0.9791912117020871,1.2777162934104351,-0.298525081708348
2020-10-29,72.752,72.545,69.7312,65.1262,60.765,72.41134011137808,71.63585169353469,47.71342207680443,0.7754884178433912,1.1772707182970263,-0.40178230045363517
2020-10-30,72.558,72.67299999999999,69.83359999999999,65.2651,60.80985,72.25882624808915,71.61986267919879,49.41658154522533,0.638963568890361,1.0696092884156934,-0.43064571952533237
2020-11-02,72.41799999999999,72.6665,69.9352,65.4365,60.85,72.03439144069083,71.55913211036925,46.868226161567456,0.4752593303215775,0.9507392967968702,-0.47547996647529267
2020-11-03,72.277,72.77199999999999,70.02159999999999,65.6079,60.89825,72.01986968058455,71.58734454663819,51.79103474194516,0.4325251339463563,0.8470964642267675,-0.41457133028041127
2020-11-04,72.28999999999999,72.81099999999999,70.1432,65.7914,60.9524,72.17373588357154,71.69346717281313,55.954577257006534,0.48026871075840916,0.7737309135330959,-0.2934622027746867
2020-11-05,72.376,72.8775,70.273,65.98010000000001,61.01085,72.49162267071438,71.88209923408624,60.1422150610215,0.6095234366281375,0.7408894181521043,-0.13136598152396683
2020-11-06,72.386,72.93449999999999,70.4092,66.1674,61.06985,72.75752687521985,72.05527706859837,60.041435087132605,0.7022498066214808,0.7331614958459797,-0.03091168922449883
2020-11-09,72.503,72.897,70.533,66.3573,61.1304,72.93021504826295,72.19044173018368,58.254303858807766,0.7397733180792727,0.7344838602926382,0.005289457786634477
2020-11-10,72.674,72.991,70.6978,66.5667,61.1929,73.26402811776096,72.40596456498488,62.56056411083835,0.8580635527760734,0.7591997987893253,0.09886375398674807
2020-11-11,73.24,73.131,70.89359999999999,66.7958,61.262100000000004,73.80186994579773,72.72848570831934,67.47662361968167,1.0733842374783933,0.8220366865271389,0.2513475509512544
2020-11-12,73.76,73.256,71.0416,67.006,61.33085,74.17388995413654,72.98711639659197,64.50919806023089,1.1867735575445693,0.894984060730625,0.2917894968139443
2020-11-13,74.33699999999999,73.4475,71.243,67.23989999999999,61.4099,74.63790688426938,73.29844110795554,67.29176875587828,1.339465776313844,0.9838804038472688,0.3555853724665752
2020-11-16,75.037,73.72749999999999,71.4628,67.462,61.48585,75.12438274822793,73.63188991477365,68.94092461253234,1.4924928334542784,1.0856028897686707,0.4068899436856077
2020-11-17,75.543,73.91,71.6908,67.6799,61.5537,75.41293924850055,73.88137955071635,64.35790835085346,1.5315596977842034,1.1747942513717773,0.35676544641242613
2020-11-18,75.71099999999998,74.0005,71.85660000000001,67.862,61.602349999999994,75.30325628719278,73.94201810251514,53.372538438557065,1.3612381846776458,1.212083038032951,0.14915514664469476
2020-11-19,75.907,74.1415,72.0694,68.0558,61.62625,75.44121685839389,74.10927602084735,58.36402196124773,1.33194083754654,1.236054597935669,0.09588623961087106
2020-11-20,76.075,74.23049999999999,72.2238,68.25059999999999,61.65780000000001,75.51179888017944,74.24192224152532,57.04865195474169,1.2698766386541251,1.2428190060793602,0.0270576325747649
2020-11-23,76.40700000000001,74.455,72.382,68.4618,61.6969,75.7715221293826,74.46103911252345,61.13613098129544,1.310483016859152,1.2563518082353187,0.05413120862383325
2020-11-24,76.772,74.723,72.5544,68.6867,61.74465,76.22974949409297,74.77873991900319,65.36797501926394,1.4510095750897847,1.2952833616062118,0.15572621348357285
2020-11-25,76.951,75.09549999999999,72.711,68.9137,61.79025000000001,76.58671111038636,75.05809251759554,64.39363720666056,1.5286185927908207,1.3419504078431337,0.186668184947687
2020-11-27,77.17,75.465,72.87679999999999,69.14080000000001,61.834250000000004,76.86721709340384,75.30638196073662,63.67812423595943,1.560835132667222,1.3857273528079515,0.17510777985927062
2020-11-30,77.26400000000001,75.8005,73.0622,69.3693,61.882799999999996,77.06149138672632,75.5155388525339,62.18976371981844,1.5459525341924234,1.417772389084846,0.12818014510757747
2020-12-01,77.35,76.1935,73.2876,69.5981,61.93195,77.30741578876842,75.74846190049435,63.9093164863529,1.5589538882740754,1.4460086889226917,0.1129451993513837
2020-12-02,77.462,76.5025,73.48499999999999,69.8147,61.97815000000001,77.43242874434252,75.92413138934661,60.87175876449992,1.5082973549959036,1.458466422137334,0.04983093285856954
2020-12-03,77.86800000000001,76.7895,73.7184,70.0376,62.02415,77.63667047598213,76.13419573087648,63.10967460436928,1.5024747451056442,1.4672680867309962,0.03520665837464798
2020-12-04,78.354,77.13050000000001,74.0016,70.2515,62.07899999999999,78.16333655660027,76.49907012118193,69.79553262852525,1.664266435418341,1.5066677564684652,0.15759867894987578
2020-12-07,78.81700000000001,77.446,74.2506,70.44630000000001,62.14455,78.5274386248156,76.79765751961291,66.7915401630166,1.7297811052026901,1.5512904262153102,0.1784906789873799
2020-12-08,79.084,77.74549999999999,74.4616,70.63069999999999,62.22155,78.73398652869012,77.02523844408603,63.146730673792696,1.708748084604096,1.5827819578930675,0.12596612671102858
2020-12-09,79.11,77.941,74.6618,70.80369999999999,62.3002,78.77645013966088,77.17225781859817,58.655154617646566,1.6041923210627118,1.5870640305269965,0.017128290535715296
2020-12-10,79.093,78.022,74.841,70.9713,62.380500000000005,78.71545781048229,77.26172020240571,55.5386349610104,1.4537376080765796,1.5603987460369133,-0.10666113796033372
2020-12-11,79.103,78.1365,75.0246,71.13680000000001,62.468399999999995,78.68384891656194,77.35418537259788,56.05747818550247,1.3296635439640596,1.5142517056223426,-0.18458816165828296
2020-12-14,79.209,78.2365,75.2312,71.3079,62.5577,78.76171831401395,77.49017164129434,58.76791271820119,1.2715466727196088,1.4657106990417959,-0.1941640263221871
2020-12-15,79.396,78.373,75.4232,71.49520000000001,62.6623,79.03376165031949,77.71534411230958,63.540415876579516,1.3184175380099106,1.4362520668354188,-0.11783452882550827
2020-12-16,79.51599999999999,78.489,75.613,71.6541,62.748050000000006,79.0777983195011,77.83420751139775,57.11200581153346,1.2435908081033489,1.397719815089005,-0.15412900698565601
2020-12-17,79.813,78.84049999999999,75.80279999999999,71.845,62.85705,79.48582934727017,78.1227847327757,64.75939554918256,1.36304461449447,1.390784774970098,-0.027740160475627995
2020-12-18,79.809,79.0815,75.965,72.0073,62.97095,79.72185560153629,78.3373932710886,61.291970653573195,1.3844623304476897,1.3895202860656164,-0.005057955617926657
2020-12-21,79.803,79.31,76.1128,72.12020000000001,63.1035,79.83695473976147,78.49536413989686,58.67126207044143,1.3415905998646025,1.3799343488254137,-0.038343748960811164
2020-12-22,79.91799999999999,79.501,76.2406,72.2472,63.2297,80.01896170287509,78.6823742036082,60.49054749865086,1.3365874992668836,1.3712649789137077,-0.034677479646824105
2020-12-23,80.116,79.613,76.396,72.3767,63.3689,80.16835221012506,78.85330944778538,60.3345355289182,1.3150427623396865,1.3600205355989035,-0.044977773259216924
2020-12-24,80.38499999999999,79.739,76.5382,72.5082,63.529349999999994,80.3070672547212,79.01750874794942,60.62616508480689,1.2895585067717832,1.3459281298334793,-0.05636962306169613
2020-12-28,80.67099999999999,79.887,76.6912,72.6476,63.673100000000005,80.47059536937948,79.19176735921243,61.76152995120012,1.2788280101670466,1.3325081059001929,-0.05368009573314625
2020-12-29,80.80199999999999,80.00550000000001,76.834,72.77680000000001,63.8577,80.47511915870571,79.28867348075225,56.659067270489956,1.1864456779534578,1.303295620310846,-0.1168499423573881
2020-12-30,80.859,80.1275,77.012,72.913,64.01270000000001,80.57125467275098,79.42284581551135,59.16468265705272,1.1484088572396303,1.2723182676966027,-0.12390941045697246
2020-12-31,81.122,80.319,77.184,73.0614,64.18509999999999,80.78336933848159,79.61004242176978,62.47443678019035,1.1733269167118152,1.2525199974996453,-0.07919308078783005
2021-01-04,80.89099999999999,80.352,77.3146,73.19030000000001,64.34975,80.57362020948442,79.59596520534238,49.59059471764509,0.9776550041420364,1.1975469988281235,-0.2198919946860871
2021-01-05,80.75399999999999,80.2815,77.44,73.317,64.5275,80.43152479264066,79.59996778272443,50.58821570694929,0.8315570099162244,1.1243490010457438,-0.29279199112951937
2021-01-06,80.72200000000001,80.2625,77.56060000000001,73.4495,64.7205,80.38821328608056,79.64071090993004,52.77618838008904,0.7475023761505213,1.0489796760666994,-0.3014772999161781
2021-01-07,80.715,80.3165,77.7254,73.58970000000001,64.8932,80.47464201129894,79.73769528697225,56.123871356771936,0.7369467243266854,0.9865730857186966,-0.24962636139201122
2021-01-08,80.811,80.4635,77.89659999999999,73.7338,65.0645,80.70162016340679,79.90156971015949,59.94614924242781,0.8000504532472945,0.9492685592244162,-0.1492181059771217
2021-01-11,80.718,80.5515,78.0774,73.863,65.2161,80.61521706134421,79.91923121311063,51.244450300371305,0.6959858482335761,0.8986120170262483,-0.20262616879267215
2021-01-12,80.545,80.608,78.2498,73.9905,65.381,80.46518366729126,79.89854741954687,49.12313627885583,0.566636247744384,0.8322168631698755,-0.2655806154254915
2021-01-13,80.456,80.62899999999999,78.4136,74.1236,65.54215,80.33361694924645,79.87717353661748,48.99209140509018,0.45644341262897115,0.7570621730616948,-0.3006187604327236
2021-01-14,80.351,80.60499999999999,78.59859999999999,74.26689999999999,65.71005,80.2899835724393,79.88997549686803,51.05444584137186,0.4000080755712645,0.6856513535636088,-0.28564327799234435
2021-01-15,80.17999999999999,80.651,78.7646,74.39309999999999,65.8987,80.28229379206401,79.91590323784077,51.957751480416405,0.3663905542232442,0.6217991936955359,-0.25540863947229175
2021-01-19,80.214,80.5525,78.8994,74.5213,66.07605000000001,80.20194090097723,79.90435484985255,49.47365865998317,0.29758605112468217,0.5569565651813652,-0.259370514056683
2021-01-20,80.44000000000001,80.59700000000001,79.0528,74.6629,66.2686,80.46471922390381,80.05292115727087,58.94241211053528,0.41179806663294016,0.5279248654716802,-0.11612679883874
2021-01-21,80.513,80.61749999999999,79.18599999999999,74.7976,66.43075,80.52860857407245,80.1141862567323,53.745989455719645,0.4144223173401542,0.5052243558453751,-0.09080203850522084
2021-01-22,80.474,80.59450000000001,79.3196,74.9263,66.59455,80.53343802421514,80.14720949697436,52.206080348908884,0.3862285272407888,0.48142519012445784,-0.09519666288366901
2021-01-25,80.282,80.54650000000001,79.4182,75.058,66.73774999999999,80.45598602048975,80.1385273120133,49.667828160484596,0.3174587084764511,0.4486318937948565,-0.13117318531840544
2021-01-26,80.223,80.4705,79.474,75.1838,66.8641,80.316603555799,80.0949326963086,47.41919846467715,0.221670859490402,0.40323968693396567,-0.18156882744356367
2021-01-27,79.874,80.2095,79.4726,75.2571,66.98135,79.67558762413762,79.802715459545,35.24661940562861,-0.1271278354073786,0.29716618246569687,-0.42429401787307547
2021-01-28,79.803,80.1295,79.5068,75.37490000000001,67.1055,79.55626645119337,79.73584764772686,47.07950694859754,-0.17958119653349058,0.20181670666585938,-0.38139790319934996
2021-01-29,79.593,79.97200000000001,79.5098,75.4863,67.23554999999999,79.30914853562516,79.60356263678413,44.0826140342955,-0.2944141011589778,0.10257054510089195,-0.39698464625986973
2021-02-01,79.453,79.81649999999999,79.5466,75.6187,67.3724,79.23697183783668,79.54700244146679,47.45707675721747,-0.3100306036301106,0.020050315354691435,-0.330080918984802
2021-02-02,79.482,79.848,79.6536,75.7551,67.5036,79.36205309355411,79.58426151987666,51.722684662154165,-0.22220842632255255,-0.028401432980757365,-0.1938069933417952
2021-02-03,79.225,79.83250000000001,79.71640000000001,75.8929,67.63765000000001,79.3586603099304,79.56616807395987,49.19874820997682,-0.20750776402947224,-0.06422269919050035,-0.1432850648389719
2021-02-04,78.606,79.5595,79.6922,75.958,67.75614999999999,78.64040487763342,79.20497043885173,36.60150340606057,-0.5645655612183162,-0.16429127159606355,-0.4002742896222527
2021-02-05,78.0,79.237,79.63820000000001,76.01010000000001,67.86735,78.00341951184366,78.8564541100479,36.19371023127243,-0.8530345982042462,-0.3020399369177001,-0.5509946612865462
2021-02-08,77.58200000000001,78.932,79.5802,76.06729999999999,67.98335,77.67212420232924,78.63375380559991,41.206028894082046,-0.9616296032706657,-0.43395787018829324,-0.5276717330823725
2021-02-09,77.243,78.733,79.5324,76.1217,68.09509999999999,77.4394897096632,78.45051278296287,42.32640746985024,-1.0110230732996683,-0.5493709108105682,-0.4616521624891001
2021-02-10,77.232,78.553,79.485,76.18090000000001,68.1951,77.22418360048425,78.27195628052118,41.992818820732005,-1.0477726800369283,-0.6490512646558402,-0.3987214153810881
2021-02-11,77.039,78.421,79.4618,76.262,68.29729999999999,77.18507843117898,78.17551507455664,45.57296622689402,-0.990436643377663,-0.7173283404002048,-0.27310830297745825
2021-02-12,76.94,78.2665,79.42779999999999,76.3577,68.38595000000001,77.15045098022837,78.08547692088578,45.540418707033226,-0.9350259406574111,-0.7608678604516461,-0.17415808020576495
2021-02-16,76.667,78.06,79.3876,76.4363,68.4764,76.99038159865478,77.93914529711645,42.74588998979984,-0.9487636984616756,-0.798447028053652,-0.15031667040802366
2021-02-17,76.30499999999999,77.8935,79.34100000000001,76.52969999999999,68.57605,76.90416904501559,77.82735675658931,44.13571942023712,-0.9231877115737177,-0.8233951647576652,-0.09979254681605254
2021-02-18,75.853,77.539,79.2162,76.6089,68.6682,76.58352765347473,77.60458958943455,39.00544439970497,-1.0210619359598212,-0.8629285189980964,-0.15813341696172478
2021-02-19,75.748,77.17699999999999,79.07839999999999,76.6645,68.75070000000001,76.13067724524785,77.31091628651347,35.72755325540885,-1.1802390412656223,-0.9263906234516016,-0.2538484178140207
2021-02-22,75.623,76.8115,78.946,76.7038,68.82900000000001,75.68749613059434,77.01010767269766,34.68992928882197,-1.322611542103317,-1.0056348071819448,-0.31697673492137235
2021-02-23,75.326,76.454,78.8234,76.7426,68.8996,75.25557364896444,76.70417377101634,33.69024539791107,-1.4486001220519,-1.0942278701559358,-0.3543722518959642
2021-02-24,75.203,76.223,78.7544,76.7977,68.98845,75.2054853952776,76.57275349168181,43.419181008527175,-1.367268096404203,-1.1488359154055894,-0.2184321809986136
2021-02-25,74.93699999999998,76.08449999999999,78.6518,76.8382,69.07759999999999,74.92464148831182,76.3362532330387,38.78556013367992,-1.4116117447268834,-1.2013910812698483,-0.21022066345703516
2021-02-26,74.588,75.8135,78.5376,76.8844,69.17895,74.70238895164846,76.12467891948029,39.23610439617992,-1.42228996783183,-1.2455708585822447,-0.17671910924958523
2021-03-01,74.375,75.6575,78.4236,76.9234,69.3057,74.72202142062562,76.02877677729656,45.10962178334097,-1.3067553566709336,-1.2578077581999825,-0.04894759847095109
2021-03-02,74.259,75.463,78.3362,76.9746,69.42675,74.75709504822169,75.9488673863857,45.6128685165031,-1.1917723381640144,-1.2446006741927889,0.05282833602877446
2021-03-03,73.932,75.11850000000001,78.1648,76.9838,69.54165,74.51138811772604,75.7422846170238,39.75742897510608,-1.2308964992977565,-1.2418598392137825,0.01096333991602605
2021-03-04,73.69,74.7715,77.9924,76.9787,69.63795,74.18655917653741,75.49470797872574,37.553163546375124,-1.3081488021883274,-1.2551176318086914,-0.053031170379636006
2021-03-05,73.697,74.7225,77.8572,76.985,69.7491,74.11324238014704,75.36250738770902,43.38030438151482,-1.2492650075619736,-1.253947106959348,0.004682099397374406
2021-03-08,73.64099999999999,74.63199999999999,77.6906,76.9656,69.84975,73.89428201397057,75.16454387750835,40.232312336027235,-1.2702618635377831,-1.2572100582750352,-0.013051805262747962
2021-03-09,73.792,74.559,77.5586,76.9773,69.96300000000001,73.97054631951356,75.10717025695217,47.11989428307127,-1.136623937438614,-1.2330928341077512,0.09646889666913716
2021-03-10,73.901,74.55199999999999,77.4576,76.9979,70.08585,74.28584688574225,75.17478727495572,52.74315726227337,-0.8889403892134737,-1.1642623451288958,0.2753219559154221
2021-03-11,74.317,74.627,77.381,77.0361,70.20724999999999,74.78648582639728,75.34998821755158,57.30285052842899,-0.5635023911543016,-1.044110354333977,0.48060796317967536
2021-03-12,74.74600000000001,74.667,77.32639999999999,77.08019999999999,70.31935,75.24548800695155,75.5292483495848,57.96379257878486,-0.2837603426332578,-0.8920403519938331,0.6082800093605754
2021-03-15,75.19,74.7825,77.2898,77.15090000000001,70.44720000000001,75.86464369818977,75.80634106443038,62.085849097772716,0.05830263375938216,-0.7019717548431901,0.7602743886025722
2021-03-16,75.501,74.88,77.212,77.19800000000001,70.5725,76.20239082154518,75.97327876336146,57.21216275238343,0.22911205818371627,-0.5157549922378089,0.7448670504215251
2021-03-17,75.988,74.96,77.1842,77.2494,70.6984,76.4835614643844,76.12562848459395,57.09249846258955,0.3579329797904478,-0.3410173978321575,0.6989503776226054
2021-03-18,76.388,75.039,77.1192,77.2796,70.8139,76.4707058544791,76.14595230054995,50.86713755041734,0.32475355392915617,-0.20786320747989478,0.5326167614090509
2021-03-19,76.672,75.18449999999999,77.04719999999999,77.3039,70.9199,76.48290495379001,76.17588175976847,51.392401971024064,0.3070231940215393,-0.10488592717960797,0.4119091212011473
2021-03-22,77.076,75.3585,76.9628,77.3441,71.02555000000001,76.52091957628386,76.21692755534117,52.05479691632626,0.30399202094268674,-0.023110337555149033,0.32710235849783575
2021-03-23,77.26,75.526,76.8484,77.3725,71.1176,76.47616271839404,76.21789588457516,50.015864586809606,0.2582668338188796,0.0331650967196567,0.2251017370992229
2021-03-24,77.352,75.6265,76.78439999999999,77.43090000000001,71.2094,76.54752230017957,76.27138507831033,52.84063424121829,0.2761372218692344,0.08175952174957224,0.19437770011966216
2021-03-25,77.30799999999999,75.8125,76.7336,77.4917,71.30895,76.63251886938271,76.33276396139846,53.478676195296536,0.2997549079842514,0.12535859899650809,0.17439630898774333
2021-03-26,77.455,76.1005,76.7262,77.5699,71.4175,77.0336698125546,76.54811477907265,61.06600234659039,0.4855550334819583,0.19739788589359814,0.28815714758836014
2021-03-29,77.334,76.26199999999999,76.6864,77.6425,71.5395,77.19156676446929,76.66010627691911,55.674091021749796,0.5314604875501772,0.264210406224914,0.2672500813252632
2021-03-30,77.38499999999999,76.44300000000001,76.653,77.7088,71.65835,77.40363341608939,76.80157988603621,57.423866485758474,0.6020535300531833,0.3317790309905678,0.27027449906261547
2021-03-31,77.39399999999999,76.691,76.62020000000001,77.7598,71.7756,77.51384365976794,76.8992406352187,55.3477502455943,0.6146030245492398,0.38834382970230225,0.22625919484693752
2021-04-01,77.642,77.015,76.5596,77.8062,71.89315,77.72402155826518,77.04596355112842,58.10280327330532,0.6780580071367552,0.4462866651891929,0.23177134194756233
2021-04-05,78.02,77.346,76.54860000000001,77.8673,72.01735,78.12494131853208,77.28922551030409,62.81663813131894,0.8357158082279881,0.524172493796952,0.3115433144310361
2021-04-06,78.313,77.6945,76.53059999999999,77.9251,72.1412,78.36110419260406,77.46483843546676,59.486230950102545,0.8962657571373001,0.5985911464650215,0.2976746106722785
2021-04-07,78.611,77.93549999999999,76.5142,77.9662,72.26644999999999,78.49170354758805,77.59410966246922,57.289289537402524,0.8975938851188232,0.6583916941957819,0.2392021909230413
2021-04-08,78.92299999999999,78.1375,76.5244,77.9992,72.3975,78.73297992488219,77.77676820599002,60.273781060164374,0.9562117188921633,0.7179556991350582,0.2382560197571051
2021-04-09,79.268,78.288,76.61240000000001,78.0425,72.52425,79.01252147490031,77.9821927833241,61.9254761311036,1.0303286915762158,0.7804302976232897,0.249898393952926
2021-04-12,79.364,78.40950000000001,76.6384,78.07260000000001,72.65625,79.19521047876181,78.14647479937416,60.00633723716096,1.0487356793876472,0.8340913739761613,0.21464430541148594
2021-04-13,79.603,78.46849999999999,76.68839999999999,78.09909999999999,72.78054999999999,79.38825502049076,78.31710629571681,60.93755892057669,1.0711487247739484,0.8815028441357187,0.18964588063822974
2021-04-14,79.69200000000001,78.5385,76.7008,78.1237,72.90180000000001,79.39929270964603,78.40176508862669,55.433142653523674,0.9975276210193442,0.9047077995124437,0.09281982150690049
2021-04-15,79.858,78.626,76.6954,78.1745,73.01825,79.45786306200817,78.50385656354324,56.79174515398197,0.9540064984649348,0.914567539302942,0.039438959161992804
2021-04-16,80.024,78.833,76.7194,78.2179,73.13685000000001,79.62434566785308,78.65468200328078,59.917023215771025,0.9696636645722947,0.9255867643568125,0.04407690021548216
2021-04-19,80.03099999999999,79.0255,76.83359999999999,78.2629,73.25675,79.74367710356799,78.78396481785256,59.06943697937924,0.9597122857154261,0.9324118686285353,0.027300417086890794
2021-04-20,80.025,79.16900000000001,76.9356,78.2869,73.37435,79.7215729337883,78.84441186838201,54.33909335952335,0.877161065406284,0.9213617079840851,-0.0442006425778011
2021-04-21,80.027,79.319,77.00319999999999,78.2917,73.4892,79.6459463285901,78.87297395220557,52.25482942724914,0.77297237638453,0.8916838416641741,-0.11871146527964416
2021-04-22,79.925,79.424,77.0608,78.29660000000001,73.60515000000001,79.55272381649931,78.8853462520422,51.16943519660574,0.6673775644571123,0.8468225862227619,-0.17944502176564958
2021-04-23,79.739,79.5035,77.1138,78.29939999999999,73.7201,79.41999707549941,78.87087615929832,49.14439255568335,0.5491209162010904,0.7872822522184275,-0.23816133601733713
2021-04-26,79.675,79.51950000000001,77.1656,78.31370000000001,73.84150000000001,79.44153598696103,78.92192236972066,54.01593814831891,0.5196136172403669,0.7337485252228154,-0.2141349079824485
2021-04-27,79.624,79.6135,77.2252,78.3265,73.9623,79.5182227581978,78.99733552751913,55.99857727135325,0.5208872306786674,0.6911762663139858,-0.1702890356353184
2021-04-28,79.696,79.69399999999999,77.3066,78.3471,74.08089999999999,79.62003464155198,79.08494030325845,57.2521876077425,0.5350943382935327,0.6599598807098952,-0.1248655424163625
2021-04-29,79.854,79.85600000000001,77.4052,78.37310000000001,74.20535,79.88772161977475,79.25346324375782,62.855510934368446,0.6342583760169305,0.6548195797713023,-0.02056120375437187
2021-04-30,79.84,79.93199999999999,77.5168,78.3665,74.309,79.96653367827093,79.33839189236835,56.38057871039412,0.6281417859025851,0.6494840209975589,-0.021342235094973794
2021-05-03,80.02,80.0255,77.688,78.3832,74.41475,80.31014388161387,79.55036286330403,63.8914149314451,0.7597810183098375,0.6715434204600146,0.08823759784982288
2021-05-04,80.185,80.10499999999999,77.848,78.397,74.51385,80.45473713059634,79.67626191046669,58.19585735064646,0.7784752201296499,0.6929297803939416,0.08554543973570827
2021-05-05,80.408,80.2175,78.0196,78.42150000000001,74.61259999999999,80.60939295665845,79.80839065783952,59.06456476039965,0.8010022988189291,0.7145442840789391,0.08645801473999004
2021-05-06,80.015,79.97,78.0232,78.3888,74.68005,79.76333250178791,79.46036172022178,35.2267678265183,0.3029707815661311,0.6322295835763775,-0.3292588020102464
2021-05-07,79.627,79.683,78.0518,78.3518,74.7443,79.00128134766669,79.11589048168683,34.51797929080048,-0.11460913402014228,0.48286184005707355,-0.5974709740772158
2021-05-10,79.072,79.3735,78.06240000000001,78.3,74.80395,78.23339190956412,78.73767637193225,32.63239376455424,-0.5042844623681333,0.2854325795720322,-0.7897170419401656
2021-05-11,78.34200000000001,78.98299999999999,78.0186,78.22109999999999,74.85815,77.37287007732348,78.28599664067801,29.645780283304973,-0.913126563354524,0.04572075098672096,-0.958847314341245
2021-05-12,77.398,78.547,77.9344,78.1353,74.8947,76.35242852696602,77.7270339265537,26.08071635927837,-1.3746053995876792,-0.23834447912815906,-1.1362609204595202
2021-05-13,76.391,78.1225,77.89699999999999,78.0309,74.93795,75.57359336897125,77.25021659866083,28.75170881010183,-1.6766232296895822,-0.5260002292404438,-1.1506230004491385
2021-05-14,75.452,77.64599999999999,77.8692,77.9308,74.96905,74.8715020814372,76.78797833209336,28.1931882970905,-1.9164762506561601,-0.804095433523587,-1.112380817132573
2021-05-17,74.296,77.158,77.8078,77.8325,74.97635,74.2205017612161,76.33257252971607,27.43477617766682,-2.1120707684999758,-1.0656905005188648,-1.046380267981111
2021-05-18,73.268,76.7265,77.7734,77.732,74.9896,73.72042456718285,75.9353449349223,29.2624881282336,-2.2149203677394524,-1.2955364739629824,-0.91938389377647
2021-05-19,72.196,76.30199999999999,77.7004,77.62950000000001,75.0031,73.26189771069318,75.55050456937249,28.71954376545446,-2.288606858679316,-1.4941505509062492,-0.7944563077730666
2021-05-20,71.815,75.91499999999999,77.60600000000001,77.53179999999999,75.02,72.96006729366346,75.2356523790486,32.02650099810454,-2.2755850853851456,-1.6504374578020284,-0.6251476275831171
2021-05-21,71.458,75.5425,77.48,77.4305,75.03905,72.69544155617677,74.9396781287487,31.855972533172277,-2.2442365725719213,-1.7691972807560072,-0.4750392918159141
2021-05-24,71.167,75.11949999999999,77.3466,77.3365,75.05665,72.44998900907265,74.65525752661917,31.43537425220063,-2.2052685175465143,-1.856411528114109,-0.3488569894324054
2021-05-25,71.003,74.67249999999999,77.1812,77.2355,75.07425,72.22691377690762,74.38449770983256,31.11931875107382,-2.157583932924936,-1.9166460090762745,-0.24093792384866175
2021-05-26,71.02900000000001,74.2135,77.04,77.12599999999999,75.0937,72.03815781122952,74.13379417577089,31.11931875107382,-2.095636364541363,-1.9524440801692924,-0.14319228437207077
2021-05-27,71.012,73.7015,76.90180000000001,77.043,75.11664999999999,71.89690276334805,73.91055016275082,32.069831666278375,-2.013647399402771,-1.9646847440159882,-0.048962655386782794
2021-05-28,71.067,73.2595,76.805,76.9621,75.13955,71.84507156898681,73.73643533588039,35.5800726539603,-1.8913637668935763,-1.950020548591506,0.05865678169792976
2021-06-01,71.122,72.709,76.6978,76.8725,75.161,71.74429132760423,73.54781049618553,33.9895026674382,-1.8035191685813032,-1.9207202725894656,0.11720110400816242
2021-06-02,71.154,72.211,76.589,76.7759,75.1828,71.67440035412666,73.38056527424587,34.83736925538062,-1.7061649201192068,-1.8778092020954138,0.17164428197620696
2021-06-03,71.16,71.678,76.4804,76.6644,75.1991,71.53987722272255,73.18941229096839,32.62601027925216,-1.6495350682458394,-1.8321543753254992,0.1826193070796598
2021-06-04,71.17999999999999,71.4975,76.3716,76.578,75.2205,71.53374226538062,73.06427063978555,38.620143724480606,-1.5305283744049234,-1.7718291751413842,0.24130080073646076
2021-06-07,71.186,71.32199999999999,76.2556,76.4946,75.24255,71.49778191686053,72.93358392572736,37.591095419275184,-1.4358020088668297,-1.7046237418864734,0.2688217330196436
2021-06-08,71.22,71.1935,76.0996,76.4129,75.26825,71.48889239118968,72.82294807937718,38.819988651989625,-1.3340556881875045,-1.6305101311466796,0.2964544429591751
2021-06-09,71.24499999999999,71.124,75.96340000000001,76.3249,75.2959,71.45213971562204,72.70643340683073,37.73403548781713,-1.2542936912086873,-1.5552668431590813,0.300973151950394
2021-06-10,71.262,71.1455,75.8154,76.2342,75.31365000000001,71.40873360552634,72.59262352484326,37.26138968190943,-1.1838899193169254,-1.4809914583906503,0.29710153907372483
2021-06-11,71.275,71.1435,75.678,76.1491,75.3352,71.38431305082997,72.49316993041042,38.09642144194446,-1.1088568795804434,-1.4065645426286089,0.2977076630481654
2021-06-14,71.19800000000001,71.13250000000001,75.5162,76.0379,75.3504,71.2928802737792,72.36700919482446,35.1956740258461,-1.0741289210452578,-1.3400774183119386,0.2659484972666808
2021-06-15,71.114,71.118,75.3166,75.93260000000001,75.3651,71.14782177012086,72.21760110631894,32.63590423268934,-1.0697793361980814,-1.2860178018891673,0.21623846569108585
2021-06-16,70.986,71.07,75.1236,75.8271,75.3767,70.97277226702533,72.05407509844346,30.773396924331635,-1.081302831418128,-1.2450748077949596,0.1637719763768315
2021-06-17,70.82300000000001,70.9915,74.9228,75.7185,75.38825,70.69542268748297,71.84043990596616,26.71671914713461,-1.14501721848319,-1.2250632899326057,0.08004607144941578
2021-06-18,70.50500000000001,70.8425,74.688,75.6062,75.395,70.32997304325482,71.5796665795983,23.36082959571101,-1.2496935363434716,-1.229989339214779,-0.019704197128692647
2021-06-21,70.337,70.7615,74.4694,75.54090000000001,75.399,70.22074642121562,71.43450609222064,36.498481596849686,-1.2137596710050218,-1.2267434055728277,0.012983734567805882
2021-06-22,70.146,70.683,74.256,75.4472,75.41104999999999,70.1144777410286,71.29343156687096,36.037896131831346,-1.1789538258423704,-1.2171854896267362,0.03823166378436582
2021-06-23,69.932,70.5885,74.0292,75.3588,75.42255,69.95994270394728,71.13169589525089,33.88867322091373,-1.1717531913036083,-1.2080990299621108,0.036345838658502494
2021-06-24,69.797,70.52950000000001,73.8364,75.26859999999999,75.44364999999999,69.93841305718615,71.03453323634342,40.36349686696045,-1.0961201791572677,-1.185703259801142,0.08958308064387444
2021-06-25,69.72099999999999,70.498,73.6506,75.173,75.46405,70.02327258684983,70.99419744105872,45.76181366284175,-0.9709248542088886,-1.1427475786826915,0.17182272447380287
2021-06-28,69.657,70.4275,73.44279999999999,75.0811,75.487,70.04276911194985,70.93166429727658,43.60472239495734,-0.8888951853267315,-1.0919771000114995,0.203081914684768
2021-06-29,69.664,70.389,73.2432,75.0384,75.4982,70.10080463318833,70.89376323821905,45.79003683300323,-0.7929586050307194,-1.0321734010153436,0.23921479598462425
2021-06-30,69.589,70.2875,73.0364,74.98599999999999,75.49804999999999,69.97145007423629,70.77274373909172,38.82855990395057,-0.8012936648554358,-0.9859974537833621,0.18470378892792627
2021-07-01,69.656,70.23949999999999,72.84859999999999,74.9259,75.4966,69.95122698589225,70.70365161027011,43.45728847446166,-0.7524246243778663,-0.939282887902263,0.18685826352439672
2021-07-02,69.785,70.14500000000001,72.66,74.8604,75.49105,69.8987305265242,70.62264037987973,42.09694640243229,-0.7239098533555222,-0.8962082809929148,0.17229842763739267
2021-07-06,69.696,70.01650000000001,72.4608,74.7873,75.4841,69.71892583013587,70.48244479618492,37.28756668458331,-0.7635189660490482,-0.8696704180041416,0.10615145195509335
2021-07-07,69.636,69.891,72.2482,74.7069,75.48445,69.59755262549959,70.36744888535641,38.993440921856504,-0.7698962598568215,-0.8497155863746776,0.07981932651785606
2021-07-08,69.562,69.747,72.0168,74.62100000000001,75.48935,69.40869837542273,70.21948970866335,36.037531587716416,-0.8107913332406156,-0.8419307357478653,0.03113940250724967
2021-07-09,69.494,69.6455,71.796,74.5513,75.49380000000001,69.36736016381923,70.13952750802162,42.49273114094082,-0.7721673442023871,-0.8279780574387696,0.055810713236382536
2021-07-12,69.37,69.5455,71.5538,74.4795,75.5046,69.34930475400088,70.0736365815015,43.371961387213545,-0.7243318275006203,-0.8072488114511398,0.0829169839505195
2021-07-13,69.225,69.441,71.3198,74.4183,75.5136,69.24941171492382,69.9718857236125,40.072935507785154,-0.7224740086886783,-0.7902938508986476,0.06781984220996928
2021-07-14,69.10600000000001,69.385,71.0604,74.3742,75.51935,69.24642529724323,69.91693122556713,44.45725189791885,-0.670505928323891,-0.7663362663836963,0.09583033805980534
2021-07-15,69.063,69.32600000000001,70.81200000000001,74.33,75.5169,69.18235986689812,69.83641780145105,41.9620570902039,-0.6540579345529238,-0.743880600017542,0.08982266546461815
2021-07-16,68.90299999999999,69.27950000000001,70.5476,74.2836,75.51310000000001,69.03738142583687,69.71816463097319,38.52721943949518,-0.6807832051363221,-0.731261121041298,0.05047791590497597
2021-07-19,68.588,69.1865,70.3746,74.1989,75.4983,68.64086120647735,69.47681910275296,30.433413530257738,-0.8359578962756018,-0.7522004760881589,-0.08375742018744292
2021-07-20,68.47600000000001,69.086,70.23060000000001,74.1412,75.4897,68.48226717471161,69.33853620625274,39.3049869267061,-0.8562690315411317,-0.7730141871787535,-0.08325484436237818
2021-07-21,68.358,68.997,70.1054,74.0839,75.48415,68.36961068629444,69.22086685764143,40.30307032108737,-0.8512561713469893,-0.7886625840124006,-0.06259358733458864
2021-07-22,68.332,68.947,70.0148,74.0167,75.47005,68.32967058071068,69.13858042374207,42.9031411893254,-0.8089098430313868,-0.7927120358161979,-0.01619780721518893
2021-07-23,68.34700000000001,68.92049999999999,69.9858,73.9601,75.46735,68.47741356829366,69.14979668865006,50.511662245438515,-0.6723831203564004,-0.7686462527242384,0.09626313236783801
2021-07-26,68.365,68.86749999999999,69.9486,73.9228,75.4533,68.62396532701771,69.1705524894908,51.34015640476276,-0.546587162473088,-0.7242344346740084,0.17764727220092036
2021-07-27,68.40799999999999,68.8165,69.911,73.8901,75.4344,68.70181681516883,69.16754860138037,49.43048197962645,-0.4657317862115491,-0.6725339049815166,0.20680211876996746
2021-07-28,68.464,68.785,69.894,73.8509,75.41795,68.86922961283517,69.21365611238923,53.526092916916525,-0.3444264995540607,-0.6069124238960254,0.2624859243419647
2021-07-29,68.973,69.018,69.95299999999999,73.8632,75.4144,69.64627121086053,69.56227417813818,69.93505454633461,0.08399703272235115,-0.46873053257235014,0.5527275652947012
2021-07-30,69.502,69.20250000000001,70.00880000000001,73.8546,75.41595000000001,70.24376794765122,69.8561797945724,67.51098218848148,0.38758815307882344,-0.2974667954421154,0.6850549485209388
2021-08-02,70.223,69.40549999999999,70.0562,73.83109999999999,75.4145,70.77088057108949,70.13868499497444,67.94057255640712,0.632195576115052,-0.11153432113068193,0.7437298972457339
2021-08-03,70.952,69.714,70.1294,73.8047,75.4204,71.40612971399881,70.4913749953467,71.5054274640133,0.9147547186521052,0.09372348682587552,0.8210312318262297
2021-08-04,71.53299999999999,69.9455,70.1786,73.7626,75.4214,71.73749437338361,70.71868055124695,63.25350628128422,1.0188138221366643,0.2787415538880333,0.7400722682486309
2021-08-05,72.06200000000001,70.197,70.2266,73.70389999999999,75.42739999999999,71.99326446978613,70.91729680671014,62.32858830095819,1.0759676630759856,0.4381867757256238,0.6377808873503618
2021-08-06,72.433,70.39,70.26660000000001,73.6533,75.42564999999999,72.1481468590498,71.0715711173242,59.96777708230237,1.0765757417256054,0.5658645689256202,0.5107111727999852
2021-08-09,72.74300000000001,70.554,70.2948,73.59830000000001,75.42385,72.20689349611906,71.1796028864113,57.22504936319969,1.0272906097077623,0.6581497770820487,0.3691408326257136
2021-08-10,73.13700000000001,70.77250000000001,70.325,73.565,75.4223,72.33967911210075,71.31963230223269,59.51606498002087,1.020046809868063,0.7305291836392516,0.2895176262288115
2021-08-11,73.663,71.0635,70.4022,73.55,75.42694999999999,72.75665155639294,71.59595583540064,66.58341648710214,1.160695720992294,0.8165624911098601,0.3441332298824338
2021-08-12,73.923,71.44800000000001,70.5068,73.5479,75.446,73.33562824002479,71.96069984759319,70.67630152441185,1.374928392431599,0.9282356713742079,0.446692721057391
2021-08-13,74.333,71.91749999999999,70.6434,73.5619,75.4672,73.99630081848251,72.38064800703074,73.33238658151566,1.615652811451767,1.0657190993897196,0.5499337120620473
2021-08-16,74.684,72.4535,70.757,73.5643,75.49759999999999,74.48610069256212,72.73615556206549,70.54273635530072,1.7499451304966271,1.2025643056111013,0.5473808248855259
2021-08-17,74.89500000000001,72.9235,70.8712,73.5634,75.52755,74.87439289370641,73.05273663154213,69.4676151810371,1.8216562621642822,1.3263826969217374,0.49527356524254484
2021-08-18,75.206,73.36949999999999,70.97579999999999,73.5377,75.5538,75.1506401408285,73.32068206624271,67.25973774085656,1.8299580745857895,1.4270977724545477,0.4028603021312418
2021-08-19,75.445,73.7535,71.0666,73.51500000000001,75.57875,75.24900319608565,73.50359450578028,61.786149295396584,1.7454086903053678,1.4907599560247118,0.25464873428065604
2021-08-20,75.815,74.124,71.1772,73.4963,75.60255000000001,75.47223347361094,73.74036528312989,64.96159507303368,1.7318681904810518,1.5389816029159797,0.19288658756507204
2021-08-23,76.298,74.5205,71.29939999999999,73.4887,75.62425,75.7626590930554,74.00848637326841,67.09712181849947,1.7541727197869932,1.5820198262901823,0.17215289349681084
2021-08-24,76.792,74.9645,71.4438,73.48,75.6431,76.10840384796995,74.30489479006334,69.09488997391583,1.8035090579066093,1.6263176726134678,0.1771913852931415
2021-08-25,77.036,75.3495,71.5866,73.4516,75.65944999999999,76.32095710212842,74.5408285093179,65.66019604785407,1.780128592810513,1.657079856652877,0.12304873615763601
2021-08-26,77.08200000000001,75.5025,71.726,73.4248,75.67495,76.42234831718558,74.72150787899805,62.384738412286424,1.7008404381875266,1.665831972959807,0.03500846522771961
2021-08-27,77.043,75.688,71.88740000000001,73.4051,75.68565,76.54814088377242,74.90806285092413,63.387476092990966,1.6400780328482938,1.6606811849375043,-0.020603152089210486
2021-08-30,77.00999999999999,75.84700000000001,72.058,73.37299999999999,75.6861,76.59458074780743,75.05191004715196,60.77054479755331,1.5426707006554636,1.6370790880810964,-0.09440838742563273
2021-08-31,76.94,75.91749999999999,72.1918,73.3306,75.68655,76.55079909429858,75.14510189551109,57.24642190778378,1.405697198787493,1.5908027102223758,-0.18510551143488274
2021-09-01,76.95599999999999,76.081,72.3378,73.2969,75.68475000000001,76.5937530797911,75.26990916251027,59.67170291360379,1.3238439172808256,1.537410951634066,-0.21356703435324031
2021-09-02,77.108,76.2765,72.5018,73.2655,75.6823,76.70394491366939,75.42102700232434,61.824470965470994,1.2829179113450522,1.4865123435762633,-0.2035944322312111
2021-09-03,77.09299999999999,76.454,72.63640000000001,73.23639999999999,75.68005,76.68026108079718,75.50465463178179,56.666588279276304,1.1756064490153904,1.4243311646640888,-0.24872471564869847
2021-09-07,76.978,76.638,72.7508,73.2007,75.6876,76.607913222213,75.55690243683499,54.47694288761698,1.0510107853780113,1.3496670888068734,-0.29865630342886207
2021-09-08,76.84299999999999,76.81750000000001,72.881,73.1619,75.6899,76.61592657264177,75.6386133674398,56.853304568820874,0.9773132052019662,1.275196312085892,-0.29788310688392583
2021-09-09,76.74199999999999,76.88900000000001,73.0022,73.12270000000001,75.69279999999999,76.59501479223533,75.700938303185,55.602976906396094,0.8940764890503345,1.1989723474787806,-0.304895858428446
2021-09-10,76.66999999999999,76.876,73.1422,73.08930000000001,75.6881,76.54347405496837,75.74235028072685,54.03872014629213,0.8011237742415176,1.119402632831328,-0.3182788585898104
2021-09-13,76.58599999999998,76.8145,73.2734,73.061,75.67635,76.52140112343477,75.79106507474708,54.908078393237695,0.7303360486876898,1.0415893160026004,-0.31125326731491065
2021-09-14,76.46900000000001,76.73949999999999,73.3948,73.0274,75.66199999999999,76.39195479675249,75.78283803217323,49.701360086433745,0.6091167645792552,0.9550948057179314,-0.34597804113867614
2021-09-15,76.486,76.713,73.5498,73.00529999999999,75.65235,76.40550021263671,75.83447965941966,54.82700902843493,0.5710205532170534,0.8782799552177558,-0.30725940200070245
2021-09-16,76.479,76.7175,73.7064,72.9773,75.6455,76.46003864146182,75.90303672168487,56.49792761692768,0.5570019197769511,0.8140243481295949,-0.2570224283526438
2021-09-17,76.296,76.702,73.84859999999999,72.93270000000001,75.6296,76.30926346585231,75.87170066822674,47.79448870697463,0.43756279762557426,0.7387320380287908,-0.3011692404032166
2021-09-20,76.147,76.62,73.967,72.8815,75.6143,76.1170690864904,75.81157469280254,45.32708527471755,0.3054943936878658,0.6520845091606058,-0.34659011547274
2021-09-21,75.977,76.47749999999999,74.07220000000001,72.813,75.59304999999999,75.8698276885688,75.71516175259494,42.25100628154,0.1546659359738669,0.5526007945232579,-0.39793485854939104
2021-09-22,75.85000000000001,76.3465,74.206,72.7629,75.5647,75.7960080441736,75.69107569684716,48.296905381007136,0.10493234732643941,0.46306710508389426,-0.35813475775745485
2021-09-23,75.917,76.3295,74.3644,72.7124,75.5478,76.00431449891613,75.79914416374737,57.81033715064622,0.20517033516875927,0.41148775110086727,-0.206317415932108
2021-09-24,76.05300000000001,76.3615,74.5402,72.67609999999999,75.53655,76.25288149908287,75.93402237384015,59.930663425827184,0.3188591252427244,0.39296202592923873,-0.07410290068651432
2021-09-27,76.21600000000001,76.401,74.736,72.64179999999999,75.53165,76.52628434537782,76.08927997577791,61.73718932183421,0.4370043695999044,0.4017704946633719,0.03523387493653252
2021-09-28,76.284,76.37650000000001,74.934,72.6543,75.52154999999999,76.5007021383966,76.10933331090547,51.543659717707804,0.3913688274911351,0.39969016122892453,-0.008321333737789427
2021-09-29,76.194,76.34,75.0934,72.66199999999999,75.5069,76.35905565556637,76.07012343602358,47.59120207639115,0.2889322195427866,0.37753857289169696,-0.08860635334891037
2021-09-30,75.939,76.209,75.2226,72.664,75.482,76.02843170855616,75.93233651483665,41.562736870740764,0.09609519371950626,0.3212498970572588,-0.22515470333775256
2021-10-01,75.91799999999999,76.107,75.36580000000001,72.6903,75.4557,75.91174990723982,75.88327455077467,47.14181347697276,0.02847535646515098,0.26269498893883725,-0.23421963247368627
2021-10-04,75.846,75.9965,75.4668,72.7263,75.4308,75.66994222920293,75.76895791738394,43.2412078733891,-0.09901568818101225,0.19035285351486736,-0.2893685416958796
2021-10-05,75.83800000000001,75.9075,75.5668,72.7577,75.3943,75.47918188624863,75.66977584942958,43.72646751992846,-0.19059396318095878,0.11416349017570215,-0.30475745335666093
2021-10-06,75.73499999999999,75.79249999999999,75.67139999999999,72.7912,75.361,75.30700005759499,75.5727554161385,43.41556325014154,-0.2657553585435153,0.03817972043185866,-0.303935078975374
2021-10-07,75.546,75.7315,75.7808,72.8374,75.33494999999999,75.29976927950345,75.5495883482764,48.48697102967239,-0.24981906877295046,-0.019420037409103166,-0.2303990313638473
2021-10-08,75.333,75.693,75.81219999999999,72.8826,75.3073,75.32903554419522,75.54517439655223,49.72701258374067,-0.21613885235700536,-0.05876380039868361,-0.15737505195832174
2021-10-11,75.069,75.64250000000001,75.8494,72.9291,75.2793,75.33841469124211,75.53367999680762,49.17276901319759,-0.19526530556551336,-0.08606410143204957,-0.10920120413346379
2021-10-12,74.944,75.614,75.87819999999999,72.9672,75.24950000000001,75.30327396951255,75.5022962933404,47.573875498339504,-0.19902232382784746,-0.10865574591120915,-0.09036657791663831
2021-10-13,74.949,75.5715,75.8928,73.0111,75.2208,75.35353951266445,75.51175582716704,50.77505558152057,-0.15821631450258167,-0.11856785962948366,-0.03964845487309801
2021-10-14,75.273,75.60600000000001,75.97059999999999,73.0746,75.20555,75.67607189533146,75.65532946959911,59.98467059157702,0.020742425732350966,-0.09070580255711674,0.11144822828946771
2021-10-15,75.629,75.7735,76.0792,73.1529,75.1942,76.16129160374201,75.89049024962881,65.28778450792004,0.2708013541132033,-0.018404371223052732,0.289205725336256
2021-10-18,76.084,75.965,76.197,73.2318,75.1789,76.58109289547401,76.11267615706372,65.50185516810788,0.46841673841029774,0.07895985070361736,0.3894568877066804
2021-10-19,76.61999999999999,76.22900000000001,76.3422,73.3185,75.18075,77.07477091155494,76.38507051579974,68.62723989990184,0.6897003957551959,0.20110795971393308,0.48859243604126285
2021-10-20,77.1,76.41749999999999,76.464,73.3945,75.17830000000001,77.39557538670033,76.59062084796273,64.23995633220774,0.8049545387376043,0.32187727551866735,0.4830772632189369
2021-10-21,77.482,76.51400000000001,76.5446,73.4734,75.17295,77.65471763490028,76.7750193036692,63.683208887326735,0.8796983312310829,0.4334414866611505,0.44625684456993236
2021-10-22,77.833,76.583,76.5942,73.5505,75.1632,77.86168415260794,76.93983268858258,63.09432727598876,0.9218514640253517,0.5311234821339907,0.39072798189136093
2021-10-25,78.19,76.6295,76.6208,73.6321,75.14825,78.03065582143749,77.08947471165055,62.78172582314724,0.9411811097869389,0.6131350076645804,0.3280461021223585
2021-10-26,78.554,76.749,76.6522,73.7046,75.1413,78.14132415660094,77.21247658486162,61.071002739615395,0.9288475717393254,0.6762775204795295,0.2525700512597959
2021-10-27,78.762,76.85549999999999,76.6662,73.7687,75.13165,78.07496659404696,77.24933017116817,53.32190949262099,0.8256364228787874,0.7061493009593811,0.11948712191940625
2021-10-28,78.749,77.011,76.6792,73.8275,75.12020000000001,77.9588178872705,77.25456497330387,50.72274061483344,0.7042529139666271,0.7057700235608303,-0.0015171095942031476
2021-10-29,78.675,77.152,76.7252,73.8959,75.1104,77.97899975076734,77.31644904935544,55.35035938441035,0.6625507014119023,0.6971261591310448,-0.0345754577191425
2021-11-01,78.586,77.33500000000001,76.75120000000001,73.9642,75.0992,77.9822305583416,77.36708245310689,54.70371675713356,0.6151481052347094,0.6807305483517778,-0.0655824431170684
2021-11-02,78.46900000000001,77.5445,76.77640000000001,74.0379,75.09349999999999,78.08034893398136,77.45989116028416,58.31650015805648,0.620457773697197,0.6686759934208617,-0.04821821972366469
2021-11-03,78.518,77.809,76.8092,74.12650000000001,75.0822,78.32183371336883,77.62212144470756,63.52177088834174,0.6997122686612727,0.674883248468944,0.024829020192328688
2021-11-04,78.564,78.023,76.8502,74.2184,75.0755,78.50924391131208,77.76418652287737,62.62237923268547,0.7450573884347165,0.6889180764620986,0.0561393119726179
2021-11-05,78.655,78.244,76.9088,74.31739999999999,75.07225,78.72474484803331,77.9231356693309,64.44589582677125,0.8016091787024067,0.7114562969101602,0.09015288179224645
2021-11-08,78.776,78.48299999999999,76.9674,74.42739999999999,75.07295,78.94709179448972,78.08957006419529,65.71179502160726,0.8575217302944367,0.7406693835870155,0.11685234670742117
2021-11-09,78.952,78.753,77.0406,74.5493,75.07775000000001,79.18753921072206,78.26886117055119,67.34897510801483,0.9186780401708745,0.7762711149037873,0.1424069252670872
2021-11-10,79.24600000000001,79.00399999999999,77.1274,74.6596,75.10025,79.41253317830329,78.44524182458443,68.02596617118962,0.9672913537188634,0.8144751626668025,0.1528161910520609
2021-11-11,79.62100000000001,79.18499999999999,77.2122,74.775,75.1111,79.66752807394894,78.63966835609669,70.03334926364859,1.0278597178522517,0.8571520737038925,0.17070764414835926
2021-11-12,80.01,79.3425,77.3056,74.9037,75.13125,80.0232929856491,78.88710032971916,73.86227852462278,1.1361926559299462,0.9129601901491032,0.223232465780843
2021-11-15,80.405,79.4955,77.4136,75.025,75.1468,80.31970944939539,79.113981786777,73.52872868239777,1.2057276626183864,0.97151368464296,0.23421397797542642
2021-11-16,80.71799999999999,79.59349999999999,77.5244,75.1376,75.1553,80.5397541494884,79.30924239516389,71.21968828228097,1.2305117543245103,1.0233132985792701,0.2071984557452402
2021-11-17,80.852,79.685,77.611,75.246,75.16355,80.6090227418748,79.43374295848508,63.10939149124844,1.175279783389712,1.0537065955413585,0.12157318784835347
2021-11-18,81.002,79.78299999999999,77.7022,75.3522,75.1953,80.67532693543251,79.55272496156027,63.40465084796515,1.1226019738722357,1.067485671207534,0.05511630266470169
2021-11-19,81.21,79.93249999999999,77.8168,75.4795,75.23275000000001,80.87758432998135,79.73326385329655,68.55439944530498,1.144320476684797,1.0828526323029868,0.06146784438181019
2021-11-22,81.332,80.054,77.9166,75.595,75.26045,80.95641750998422,79.85598504934866,62.56599886416905,1.1004324606355596,1.0863685979695015,0.01406386266605808
2021-11-23,81.357,80.15450000000001,78.0182,75.70649999999999,75.28345,80.9261994315251,79.92294911976728,56.94156405165162,1.0032503117578244,1.069744940727166,-0.06649462896934155
2021-11-24,81.36600000000001,80.30600000000001,78.10340000000001,75.8266,75.30695,80.89755336513663,79.98347140719193,56.76709784169085,0.9140819579447026,1.0386123441706734,-0.12453038622597079
2021-11-26,81.099,80.36,78.1362,75.9213,75.3141,80.51331438588484,79.86617722888141,40.955790184925334,0.6471371570034279,0.9603173067372244,-0.3131801497337965
2021-11-29,80.87199999999999,80.441,78.2208,76.0347,75.32785,80.38972755728717,79.85460854526056,49.445135001468195,0.5351190120266125,0.8752776477951021,-0.3401586357684896
2021-11-30,80.475,80.44,78.2792,76.1231,75.3372,80.01900024078145,79.71574865301903,41.0509335449266,0.3032515877624178,0.7608724357885652,-0.45762084802614744
2021-12-01,79.986,80.352,78.3262,76.1992,75.33935000000001,79.53300020373815,79.50421171575836,36.70630105136683,0.02878848797979572,0.6144556462268114,-0.5856671582470157
2021-12-02,79.83000000000001,80.341,78.407,76.3065,75.36240000000001,79.51715401854767,79.49871455162811,49.828027211428726,0.018439466919559777,0.49525241036536105,-0.4768129434458013
2021-12-03,79.578,80.28999999999999,78.4344,76.3994,75.3868,79.36374570800187,79.42621717743344,46.17751345781847,-0.062471469431571336,0.38370763440597455,-0.4461791038375459
2021-12-06,79.451,80.3305,78.49640000000001,76.5183,75.42415,79.57240021446313,79.52205294206802,54.799202669428574,0.05034727239511483,0.3170355620038026,-0.2666882896086878
2021-12-07,79.457,80.39450000000001,78.56479999999999,76.6504,75.467,79.86126171993034,79.66486383524816,57.24649150340873,0.19639788468218455,0.292908026539479,-0.09651014185729445
2021-12-08,79.503,80.43,78.662,76.798,75.49845,80.07029837840258,79.78005910671125,56.21379735543216,0.290239271691334,0.29237427556985,-0.0021350038785160064
2021-12-09,79.52799999999999,80.447,78.77019999999999,76.93180000000001,75.5365,80.21179093557141,79.86968435806597,55.142538852148235,0.34210657750544726,0.3023207359569695,0.03978584154847775
2021-12-10,79.898,80.4985,78.928,77.0753,75.5796,80.50228463779119,80.03489292413515,59.185043454926976,0.46739171365604193,0.335334931496784,0.13205678215925792
2021-12-13,80.12,80.49600000000001,79.0612,77.21350000000001,75.6151,80.72193315505409,80.17527122605107,58.31821987194323,0.5466619290030224,0.3776003309980317,0.16906159800499065
2021-12-14,80.51,80.49249999999999,79.212,77.33940000000001,75.64975,80.90009728504576,80.30154743152876,58.0489307943679,0.5985498535169995,0.42179023550182526,0.17675961801517426
2021-12-15,81.114,80.55,79.3814,77.47409999999999,75.69845000000001,81.20777462580796,80.49402539956367,61.91268659531636,0.713749226244289,0.48018203365031803,0.23356719259397102
2021-12-16,81.639,80.7345,79.5878,77.6296,75.75985,81.74196314491442,80.80409759218858,67.53247907685162,0.9378655527258388,0.5717187374654222,0.3661468152604166
2021-12-17,82.26899999999999,80.9235,79.779,77.7799,75.8154,82.21550727646606,81.10157184461906,67.93324215926336,1.113935431846997,0.6801620763417372,0.43377335550525975
2021-12-20,82.48800000000001,80.96950000000001,79.9274,77.8698,75.8665,82.32235231085589,81.23552948575839,57.50453057797453,1.0868228250974994,0.7614942260928896,0.32532859900460975
2021-12-21,82.863,81.16,80.1236,77.98649999999999,75.92055,82.76506733995498,81.52919396829482,64.53433470290574,1.235873371660162,0.8563700552063442,0.37950331645381774
2021-12-22,83.33099999999999,81.417,80.33940000000001,78.1088,75.96995,83.24736467226961,81.85295737805076,66.36592095388835,1.3944072942188512,0.9639775030088457,0.4304297912100056
2021-12-23,83.861,81.69449999999999,80.5526,78.2227,76.0137,83.71546241499738,82.18162720189885,67.3767952097021,1.533835213098527,1.0779490450267821,0.455886168071745
2021-12-27,84.46,82.179,80.76540000000001,78.368,76.0653,84.38846819730547,82.61928444620263,71.61684406339407,1.7691837511028439,1.2161959862419947,0.5529877648608492
2021-12-28,85.14,82.63000000000001,80.96340000000001,78.5213,76.1126,85.05639616695078,83.07193004278022,72.96240818253459,1.9844661241705523,1.369850013827706,0.6146161103428462
2021-12-29,85.911,83.2105,81.17739999999999,78.6872,76.17025000000001,85.75387367972758,83.55475003961132,74.6982024567269,2.1991236401162553,1.535704739085416,0.6634189010308393
2021-12-30,86.51500000000001,83.8145,81.3604,78.8513,76.2248,86.24404695976949,83.95365744408456,70.98867245795964,2.290389515684936,1.6866416944053202,0.6037478212796157
2021-12-31,86.919,84.27900000000001,81.55160000000001,79.0078,76.2864,86.62496281211264,84.30671985563384,69.72655163625365,2.318242956478798,1.8129619468200158,0.5052810096587823
2022-01-03,87.394,84.8315,81.7614,79.153,76.3515,87.078045456403,84.69659245892022,71.8118105523753,2.381452997482782,1.9266601569525692,0.45479284053021285
2022-01-04,88.24499999999999,85.3665,82.0098,79.302,76.42495,87.74603846311024,85.19462264714835,75.73015478200517,2.5514158159618887,2.051611288754433,0.4998045272074556
2022-01-05,88.727,85.795,82.23100000000001,79.4259,76.4939,88.09587869955482,85.55205800661885,68.0239867116697,2.5438206929359666,2.15005316959074,0.3937675233452267
2022-01-06,88.96000000000001,86.1455,82.42060000000001,79.5364,76.55035,88.11651274577716,85.75042408020265,59.66423485525761,2.366088665574509,2.1932602687874936,0.17282839678701523
2022-01-07,89.07300000000001,86.467,82.6148,79.64049999999999,76.60195,88.00935693873451,85.87409637055801,56.29290213654685,2.1352605681765056,2.181660328665296,-0.04639976048879024
2022-01-10,88.932,86.696,82.802,79.7406,76.63915000000001,87.8048404866215,85.93379293570186,53.32823373904458,1.8710475509196414,2.119537773116165,-0.24849022219652372
2022-01-11,88.85600000000001,86.998,82.99959999999999,79.8624,76.6887,87.83024964252589,86.08462308861283,57.527496228045024,1.7456265539130555,2.0447555292755433,-0.2991289753624877
2022-01-12,88.704,87.30749999999999,83.20100000000001,79.9761,76.7362,87.86713431290653,86.23168804501188,57.84414055145254,1.6354462678946504,1.9628936769993648,-0.32744740910471437
2022-01-13,88.53,87.52250000000001,83.3726,80.0745,76.78160000000001,87.76449826476706,86.30341485649248,54.067512875439455,1.4610834082745754,1.862531623254407,-0.4014482149798315
2022-01-14,88.37800000000001,87.6485,83.5236,80.16640000000001,76.8232,87.67765237787981,86.36982857082637,54.067512875439455,1.3078238070534383,1.7515900600142134,-0.4437662529607751
2022-01-18,88.03999999999999,87.71700000000001,83.6566,80.2534,76.8525,87.44878278128292,86.35650793595035,49.69871967750773,1.0922748453325681,1.6197270170778844,-0.5274521717453162
2022-01-19,87.502,87.8735,83.7792,80.344,76.8844,87.23204696877785,86.33306290365773,49.06463359122987,0.8989840651201177,1.475578426686331,-0.5765943615662132
2022-01-20,87.069,87.898,83.88959999999999,80.4285,76.91680000000001,86.99480897358126,86.2854286144979,47.54048231178493,0.7093803590833545,1.3223388131657359,-0.6129584540823814
2022-01-21,86.672,87.816,83.96459999999999,80.5026,76.9378,86.57406913149184,86.13539686527584,41.823897013815056,0.4386722662160025,1.1456055037757893,-0.7069332375597868
2022-01-24,86.44,87.7565,84.0536,80.5905,76.96055,86.34728926510849,86.05870080118133,45.936397989012676,0.2885884639271552,0.9742020958060625,-0.6856136318789073
2022-01-25,85.997,87.4645,84.0772,80.6447,76.9708,85.71693707047642,85.77657481590865,36.506934006355976,-0.05963774543222655,0.7674341275584048,-0.8270718729906313
2022-01-26,85.383,87.11949999999999,84.0742,80.6899,76.9777,85.11894675194158,85.48423594065615,35.35514788770938,-0.36528918871456995,0.5408894643038099,-0.9061786530183799
2022-01-27,84.75500000000001,86.7295,84.071,80.7423,76.98935,84.60680109779673,85.21058883394089,35.241112021018594,-0.6037877361441559,0.31195402421421675,-0.9157417603583726
2022-01-28,84.479,86.5045,84.1248,80.8246,77.01265000000001,84.58113939044338,85.15350817957489,47.35574722403211,-0.5723687891315024,0.13508946154507293,-0.7074582506765753
2022-01-31,84.301,86.3395,84.21340000000001,80.9122,77.03705,84.71019486883671,85.17324831442119,51.00596715978442,-0.46305344558447814,0.015460880119162718,-0.47851432570364083
2022-02-01,84.324,86.182,84.321,81.0116,77.06715,84.97324181209261,85.26560029113072,54.47476411509456,-0.2923584790381142,-0.046102991712292665,-0.24625548732582153
2022-02-02,84.54400000000001,86.023,84.44599999999998,81.1314,77.11035,85.4758199948476,85.48592619549142,60.022405959617124,-0.010106200643818397,-0.038903633498597816,0.02879743285477942
2022-02-03,84.58099999999999,85.825,84.5394,81.22800000000001,77.14450000000001,85.56569384179411,85.52845018101057,51.86908422914684,0.03724366078354535,-0.023674174642169185,0.06091783542571454
2022-02-04,84.837,85.7545,84.66059999999999,81.3394,77.1834,85.75866401997963,85.62412053797274,54.204610308247304,0.13454348200689026,0.007969356687642704,0.12657412531924755
2022-02-07,85.101,85.7705,84.80060000000002,81.45200000000001,77.22865,86.06348493998277,85.78085234997477,56.92920792939154,0.28263259000800645,0.06290200335171546,0.21973058665629097
2022-02-08,85.79299999999999,85.89500000000001,85.016,81.57610000000001,77.2767,86.54141033383158,86.0319003240507,60.83011663105781,0.5095100097808825,0.15222360463754886,0.3572864051433336
2022-02-09,86.779,86.08099999999999,85.2556,81.73819999999999,77.33545,87.33350105170364,86.45101881856546,66.57525188418873,0.8824822331381768,0.29827533033767445,0.5842069028005024
2022-02-10,87.625,86.19,85.501,81.8901,77.3858,87.78219319759539,86.73242483200507,61.06365542597738,1.0497683655903245,0.4485739373882045,0.60119442820212
2022-02-11,87.915,86.197,85.71060000000001,82.0184,77.4157,87.71416347488841,86.7774304000047,51.741455443750574,0.9367330748837048,0.5462057648873047,0.3905273099964002
2022-02-14,87.99699999999999,86.149,85.8468,82.1269,77.4449,87.48736909413634,86.7376207407451,48.71402607026669,0.7497483533912401,0.5869142825880918,0.16283407080314838
2022-02-15,88.261,86.29249999999999,86.05760000000001,82.24600000000001,77.4792,87.72931231042305,86.90964883402324,55.846520196101395,0.8196634763998105,0.6334641213504355,0.18619935504937501
2022-02-16,88.37899999999999,86.4615,86.23160000000001,82.36399999999999,77.52005,87.9894181088195,87.09560077224374,56.674883086000804,0.8938173365757649,0.6855347643955014,0.20828257218026347
2022-02-17,88.36500000000001,86.47299999999998,86.32099999999998,82.44290000000001,77.54235,87.67104609207804,87.00851923355903,47.37002885138337,0.6625268585190156,0.6809331832202044,-0.018406324701188748
2022-02-18,88.319,86.578,86.42380000000001,82.54289999999999,77.59859999999999,87.46934669329681,86.96048077181392,48.51441839193606,0.5088659214828937,0.6465197308727423,-0.1376538093898486
2022-02-22,88.072,86.5865,86.50939999999999,82.6398,77.65090000000001,87.13098566355885,86.83525997390178,45.8544253076926,0.29572568965706125,0.5763609226296061,-0.2806352329725449
2022-02-23,87.62,86.70649999999999,86.56040000000002,82.7442,77.7041,86.74929556147288,86.67338886472388,44.36439827174701,0.07590669674900141,0.4762700774534852,-0.4003633807044838
2022-02-24,87.059,86.91900000000001,86.6434,82.8523,77.7713,86.64632701355397,86.62943413400359,48.519526739856396,0.0168928795503831,0.3843946378728648,-0.3675017583224817
2022-02-25,86.838,87.23150000000001,86.7666,82.98929999999999,77.8578,86.86073824223797,86.73392049444777,53.63119103653597,0.1268177477901986,0.3328792598563316,-0.206061512066133
2022-02-28,86.717,87.316,86.83120000000001,83.1063,77.932,86.74831697420136,86.68918564300719,48.57003012084545,0.05913133119416614,0.2781296741238985,-0.21899834292973236
2022-03-01,86.673,87.33500000000001,86.8536,83.2207,78.00595,86.60242205509346,86.62332003982148,47.73190904056997,-0.02089798472802329,0.21832414235351416,-0.23922212708153745
2022-03-02,86.586,87.42349999999999,86.921,83.35,78.0937,86.84666481584831,86.7393704072421,53.932104852596815,0.10729440860620798,0.19611819560405294,-0.08882378699784496
2022-03-03,86.437,87.408,87.02140000000001,83.4744,78.1785,87.01333176725626,86.82756519189084,53.19287019065697,0.1857665753654203,0.1940478715563264,-0.008281296190906118
2022-03-04,86.73299999999999,87.549,87.09500000000001,83.6093,78.2692,87.30051149537069,86.97959739989894,55.588215432612365,0.32091409547174976,0.21942111633941108,0.10149297913233868
2022-03-07,86.757,87.538,87.109,83.7242,78.34570000000001,87.19274049608289,86.9514790739805,49.09461067002387,0.2412614221023972,0.2237891774920083,0.017472244610388904
2022-03-08,86.978,87.525,87.1328,83.84269999999998,78.4269,87.23693426591629,86.99062877220416,51.4518739905756,0.2463054937121285,0.22829244073603236,0.01801305297609615
2022-03-09,87.309,87.4645,87.1302,83.9478,78.5112,87.34817514808302,87.06243404833718,52.737470098509576,0.2857410997458345,0.2397821725379928,0.0459589272078417
2022-03-10,87.46700000000001,87.263,87.10880000000002,84.0361,78.5945,87.39614820222408,87.10669819290479,51.81395599727138,0.289450009319296,0.24971573989425347,0.03973426942504252
2022-03-11,87.467,87.1525,87.07780000000001,84.1276,78.6797,87.49520232495884,87.17583166009703,52.93814746020053,0.31937066486180754,0.2636467248877643,0.055723939974043235
2022-03-14,87.59700000000001,87.157,87.04759999999999,84.204,78.76125,87.48517119804208,87.1946589445343,50.885819758647095,0.2905122535077851,0.2690198306117685,0.021492422896016605
2022-03-15,87.834,87.2535,87.03659999999999,84.2941,78.8443,87.59052947526638,87.26690643012435,53.25345115115945,0.32362304514202833,0.2799404735178205,0.043682571624207855
2022-03-16,87.985,87.2855,87.0392,84.4003,78.93684999999999,87.91506340214848,87.44713558344847,57.78473345614957,0.4679278187000051,0.31753794255425744,0.15038987614574767
2022-03-17,88.25,87.34349999999999,87.0224,84.51610000000001,79.0333,88.32505364797179,87.67919961430414,60.17581500288948,0.6458540336676464,0.3832011607769352,0.26265287289071115
2022-03-18,88.534,87.6335,87.0564,84.6437,79.1379,88.84735308674536,87.97851816139273,63.09223122795193,0.8688349253526297,0.48032791369207417,0.38850701166055557
2022-03-21,89.013,87.885,87.11959999999999,84.77009999999999,79.23734999999999,89.23852953493838,88.23122051980809,61.68401604525141,1.0073090151302893,0.5857241339797172,0.421584881150572
2022-03-22,89.577,88.2775,87.23360000000001,84.9242,79.34645,89.83567883725554,88.59335233315564,65.97194085873028,1.242326504099907,0.7170446080037552,0.5252818960961517
2022-03-23,89.877,88.593,87.3192,85.06060000000001,79.44405,90.00865132383161,88.7686595677367,57.34330346595482,1.2399917560949092,0.8216340376219861,0.41835771847292313
2022-03-24,90.22999999999999,88.8485,87.3836,85.1916,79.54375,90.19039727401136,88.94801811827472,57.973627163381785,1.2423791557366428,0.9057830612449174,0.33659609449172545
2022-03-25,90.577,89.022,87.4524,85.3267,79.64545,90.39341307800962,89.13779455395807,58.88394833728307,1.2556185240515418,0.9757501538062423,0.27986837024529954
2022-03-28,90.988,89.2925,87.5392,85.4559,79.7469,90.56981106600814,89.31573569810932,58.97366877365192,1.254075367898821,1.0314151966247582,0.2226601712740628
2022-03-29,91.444,89.639,87.6498,85.58670000000001,79.8566,90.9021478250838,89.56864416491604,62.4718884261789,1.3335036601677643,1.0918328893333595,0.2416707708344048
2022-03-30,91.613,89.799,87.7538,85.7052,79.9618,90.97720200584014,89.7035594119593,56.61754802687676,1.2736425938808367,1.128194830242855,0.14544776363798162
2022-03-31,91.522,89.886,87.82639999999999,85.80279999999999,80.0601,90.77609400494165,89.70107352959194,50.124458877652785,1.0750204753497172,1.1175599592642276,-0.042539483914510345
2022-04-01,91.351,89.9425,87.9128,85.9012,80.1643,90.65823338879679,89.72395697184439,51.31309154121332,0.9342764169524003,1.0809032508018621,-0.14662683384946185
2022-04-04,91.214,90.1135,88.028,85.9963,80.2728,90.56004363667421,89.7458860850411,51.34981556814698,0.8141575516331017,1.0275541109681101,-0.21339655933500845
2022-04-05,90.58200000000001,90.0795,88.06199999999998,86.05779999999999,80.3587,89.98157538487817,89.52767230096399,40.70328481861159,0.45390308391418444,0.9128239055573251,-0.45892082164314063
2022-04-06,90.17699999999999,90.027,88.15520000000001,86.11619999999999,80.4456,89.50902532566614,89.33377064904073,41.15215554278245,0.17525467662541416,0.7653100597709429,-0.5900553831455287
2022-04-07,89.83900000000001,90.03450000000001,88.2748,86.17450000000001,80.5391,89.2476368140252,89.22089874911178,44.83186441769575,0.026738064913416792,0.6175956607994377,-0.5908575958860209
2022-04-08,89.584,90.0805,88.4182,86.24459999999999,80.6348,89.20338499648285,89.20157291584424,49.20269141903591,0.0018120806386150434,0.49443894476727324,-0.4926268641286582
2022-04-11,89.151,90.0695,88.4736,86.2992,80.7184,88.89671038163934,89.05404899615206,43.548466636652556,-0.15733861451272446,0.3640834329112737,-0.5214220474239981
2022-04-12,88.487,89.96549999999999,88.48700000000001,86.35019999999999,80.7981,88.46490878446406,88.83448981125191,40.35238355321919,-0.36958102678785565,0.21735054097144785,-0.5869315677593034
2022-04-13,87.954,89.7835,88.4798,86.4004,80.8763,88.09492281762343,88.62897204745548,40.26713562258808,-0.5340492298320498,0.06707058681074832,-0.6011198166427981
2022-04-14,87.461,89.4915,88.40980000000002,86.42790000000001,80.9537,87.57878084568135,88.34090004394025,36.603021825615095,-0.7621191982589011,-0.09876737020318156,-0.6633518280557195
2022-04-18,86.921,89.136,88.3808,86.4601,81.02755,87.12204533096114,88.06453707772245,36.25314274133763,-0.9424917467613056,-0.2675122455148064,-0.6749795012464992
2022-04-19,86.49300000000001,88.8535,88.3592,86.5099,81.1082,86.90942297235173,87.89234914603931,41.48867398207646,-0.9829261736875736,-0.4105950311493599,-0.5723311425382137
2022-04-20,86.434,88.50800000000001,88.3286,86.56459999999998,81.1956,86.80181943814378,87.76773069077714,43.56481121304637,-0.9659112526333615,-0.5216582754461603,-0.44425297718720125
2022-04-21,86.385,88.28099999999999,88.27359999999999,86.64479999999999,81.28305,86.74307798612166,87.66789878775661,44.51218177392487,-0.9248208016349508,-0.6022907806839184,-0.32253002095103245
2022-04-22,85.91999999999999,87.8795,88.103,86.6793,81.35700000000001,86.19183521902602,87.3339803590339,34.75770490297022,-1.1421451400078837,-0.7102616525487114,-0.43188348745917227
2022-04-25,85.47,87.527,87.98719999999999,86.7441,81.4336,85.92539903148355,87.12109292503139,40.36952577800474,-1.1956938935478405,-0.8073481007485372,-0.38834579279930326
2022-04-26,84.976,87.0635,87.8858,86.7982,81.4987,85.36302994971685,86.7617527083624,34.920265490606155,-1.3987227586455475,-0.9256230323279393,-0.4730997263176082
2022-04-27,84.651,86.56899999999999,87.8178,86.83229999999999,81.5694,84.97487149591426,86.47125250774296,37.29282210898413,-1.4963810118287029,-1.0397746282280922,-0.4566063836006107
2022-04-28,84.442,86.19800000000001,87.71599999999998,86.88680000000001,81.64309999999999,84.82027588115822,86.28597454420644,41.82101795450348,-1.4656986630482152,-1.1249594351921168,-0.34073922785609834
2022-04-29,84.05799999999999,85.7595,87.5456,86.88860000000001,81.70344999999999,84.21715651482619,85.88701346685781,34.5263818660339,-1.6698569520316227,-1.2339389385600181,-0.4359180134716045
2022-05-02,83.664,85.29249999999999,87.44060000000002,86.8808,81.76559999999999,83.67144012792986,85.50056802486834,34.04723894760228,-1.8291278969384877,-1.352976730235712,-0.4761511667027756
2022-05-03,83.24499999999999,84.869,87.3444,86.8841,81.84105000000001,83.34506472363294,85.20793335635958,37.614517805763704,-1.8628686327266308,-1.4549551107338958,-0.407913521992735
2022-05-04,83.06,84.747,87.32620000000001,86.9178,81.92479999999999,83.50120861230481,85.14512347811072,47.39840283203609,-1.643914865805911,-1.492747061748299,-0.1511678040576121
2022-05-05,81.77799999999999,84.08149999999999,87.10519999999998,86.8328,81.95405000000001,81.9779457488733,84.28992914639882,28.78346701025498,-2.3119833975255233,-1.656594328903744,-0.6553890686217794
2022-05-06,81.014,83.467,86.89399999999999,86.7687,81.99109999999999,80.98441563366202,83.64030476518408,33.78098314463385,-2.655889131522059,-1.856453289427407,-0.7994358420946521
2022-05-09,80.19500000000001,82.83250000000001,86.65859999999999,86.71260000000001,82.02600000000001,80.25912092079095,83.09435626405934,35.67972527309746,-2.835235343268394,-2.0522097001956046,-0.7830256430727895
2022-05-10,79.41199999999999,82.19399999999999,86.42479999999999,86.62799999999999,82.05104999999999,79.36387154836157,82.45329283709198,33.179775888067795,-3.0894212887304064,-2.259652017902565,-0.8297692708278412
2022-05-11,78.36600000000001,81.5085,86.15639999999999,86.505,82.06729999999999,78.28942977169055,81.70712299730738,30.58213931353849,-3.41769322561683,-2.4912602594454185,-0.9264329661714115
2022-05-12,77.32300000000001,80.88250000000001,85.8634,86.39219999999999,82.08605,77.55874826835354,81.10215092343276,33.728490926342715,-3.5434026550792197,-2.701688738572179,-0.8417139165070409
2022-05-13,76.569,80.3135,85.57199999999999,86.2967,82.08325,76.91278699629915,80.52865826243774,33.4749458904797,-3.6158712661385977,-2.8845252440854625,-0.7313460220531351
2022-05-16,75.75899999999999,79.7115,85.2458,86.17040000000001,82.07844999999999,76.24466591994543,79.93912802077568,32.326383498551635,-3.6944621008302505,-3.04651261543442,-0.6479494853958303
2022-05-17,75.115,79.17999999999999,85.016,86.0625,82.08565,76.07010193226151,79.58141483405157,39.51246152098168,-3.5113129017900633,-3.1394726727055486,-0.37184022908451464
2022-05-18,73.69399999999999,78.377,84.66939999999998,85.9011,82.06190000000001,75.15931701960588,78.88279151301072,32.299671476259064,-3.7234744934048365,-3.2562730368454065,-0.46720145655943
2022-05-19,73.366,77.572,84.3166,85.7234,82.0457,74.41480670889729,78.24851066019511,32.75277299046218,-3.833703951297821,-3.37175921973589,-0.46194473156193094
2022-05-20,72.89399999999999,76.954,83.97939999999998,85.5441,82.0327,73.85868259983617,77.69676912981028,34.094013317919575,-3.838086529974106,-3.4650246817835333,-0.37306184819057275
2022-05-23,72.451,76.32300000000001,83.65539999999999,85.3666,82.02690000000001,73.54811604601522,77.26293437945397,37.02476359172982,-3.7148183334387426,-3.5149834121145753,-0.19983492132416725
2022-05-24,72.14699999999999,75.7795,83.3348,85.1912,82.02125,73.21763665432057,76.82864294393886,36.289506817373294,-3.611006289618288,-3.534187987615318,-0.07681830200297002
2022-05-25,72.078,75.22200000000001,83.0052,85.0209,82.01435,72.98261563057895,76.44800272586932,37.175048296681894,-3.4653870952903674,-3.520427809150328,0.055040713859960455
2022-05-26,71.998,74.6605,82.666,84.8526,82.00280000000001,72.94529014895141,76.1733358572864,40.40491338013742,-3.2280457083349887,-3.46195138898726,0.23390568065227146
2022-05-27,72.13499999999999,74.352,82.34899999999999,84.6857,81.99385000000001,73.21986089526658,76.06642209008001,46.064390042502,-2.8465611948134324,-3.338873350152495,0.4923121553390626
2022-05-31,72.348,74.05350000000001,82.0086,84.5325,81.9792,73.4475746036871,75.96520563896297,45.993478825421406,-2.517631035275869,-3.17462488717717,0.656993851901301
2022-06-01,72.25399999999999,73.68449999999999,81.6642,84.3919,81.96415,73.55871697235062,75.83222744348424,44.684754165406396,-2.273510471133619,-2.9944020039684602,0.7208915328348411
2022-06-02,72.735,73.2145,81.301,84.26729999999999,81.95389999999999,73.77429897660437,75.76761800322615,47.10096954006752,-1.9933190266217764,-2.7941854084991236,0.8008663818773472
2022-06-03,73.059,73.2125,80.953,84.1361,81.93835000000001,73.74132990328063,75.60409074372791,43.47660365019219,-1.8627608404472795,-2.6079004948887547,0.7451396544414752
2022-06-06,73.367,73.13050000000001,80.6068,83.99520000000001,81.9288,73.76266376431438,75.47638031826658,44.527325868213026,-1.713716553952196,-2.429063706701443,0.715347152749247
2022-06-07,73.592,73.0215,80.2584,83.85539999999999,81.91575,73.8130231851891,75.37368547987646,45.246649561283625,-1.5606622946873614,-2.2553834242986266,0.6947211296112652
2022-06-08,73.763,72.95500000000001,79.8898,83.7145,81.8945,73.70486577208308,75.20600507395969,42.478402166627035,-1.5011393018766057,-2.1045345998142224,0.6033952979376167
2022-06-09,73.67099999999999,72.8745,79.4506,83.5502,81.8583,73.25334796099338,74.87741210551823,36.704007955402275,-1.6240641445248514,-2.0084405087563484,0.384376364231497
2022-06-10,73.388,72.693,79.021,83.38740000000001,81.8204,72.73898673622517,74.50945565325762,34.83005086223997,-1.7704689170324457,-1.960846190411568,0.19037727337912225
2022-06-13,72.70500000000001,72.42,78.5856,83.206,81.775,71.99452723834438,74.0198663456089,30.863818948010646,-2.0253391072645286,-1.9737447737821603,-0.051594333482368304
2022-06-14,72.022,72.18499999999999,78.1428,83.02779999999998,81.72815,71.35998458629139,73.56432069037862,30.80743060204985,-2.2043361040872327,-2.019863039843175,-0.18447306424405774
2022-06-15,71.454,71.854,77.7122,82.87009999999998,81.68635,70.91844849609271,73.18844508368392,33.51104241427633,-2.2699965875912085,-2.0698897493927815,-0.200106838198427
2022-06-16,70.537,71.636,77.292,82.677,81.63375,70.12945641977075,72.64041211452215,28.321208936092248,-2.5109556947514022,-2.1581029384645056,-0.3528527562868966
2022-06-17,69.83099999999999,71.44500000000001,76.88380000000001,82.51950000000001,81.5821,69.57107850903678,72.1855667727057,31.33278732949387,-2.6144882636689175,-2.249380003505388,-0.3651082601635296
2022-06-21,69.21799999999999,71.2925,76.4826,82.3787,81.5343,69.29091258456958,71.85700627102379,36.39922015905612,-2.5660936864542094,-2.312722740095152,-0.2533709463590572
2022-06-22,68.557,71.07450000000001,76.053,82.23559999999999,81.48895,69.01231064848196,71.53278358428129,35.78504413039231,-2.520472935799333,-2.3542727792359885,-0.16620015656334441
2022-06-23,67.98400000000001,70.8735,75.6564,82.065,81.4448,68.76118593333089,71.22516998544563,35.54581712483193,-2.463984052114739,-2.3762150338117385,-0.08776901830300066
2022-06-24,67.935,70.803,75.3402,81.9136,81.4129,68.99484963589538,71.15515739393113,46.678369549864314,-2.1603077580357564,-2.333033578656542,0.17272582062078579
2022-06-27,67.93499999999999,70.6615,75.0172,81.7485,81.38005,69.13564199960378,71.06292351289919,45.596284233496974,-1.9272815132954122,-2.2518831655843163,0.32460165228890414
2022-06-28,67.95599999999999,70.3305,74.6846,81.5472,81.33930000000001,68.97785092274167,70.84418843786962,40.65829181473607,-1.8663375151279524,-2.1747740354930434,0.30843652036509095
2022-06-29,68.017,70.0195,74.362,81.37140000000001,81.2997,68.9012584730891,70.6690633683978,42.047624058101825,-1.7678048953087,-2.0933802074561747,0.3255753121474747
2022-06-30,67.917,69.6855,73.997,81.1781,81.25875,68.68414178492155,70.43357719296093,39.39024844458628,-1.7494354080393748,-2.0245912475728147,0.2751558395334399
2022-07-01,68.14099999999999,69.339,73.6334,80.981,81.21650000000001,68.58350458724131,70.25553443792678,41.55978291001824,-1.672029850685476,-1.954078968195347,0.28204911750987094
2022-07-05,68.263,69.047,73.2594,80.7665,81.1713,68.45065772766573,70.06771707215442,40.65998722697824,-1.6170593444886947,-1.8866750434540167,0.269615698965322
2022-07-06,68.28999999999999,68.75399999999999,72.9566,80.5298,81.134,68.38440269264024,69.91603432606891,41.96938633969283,-1.531631633428674,-1.8156663614489483,0.2840347280202744
2022-07-07,68.3,68.4285,72.619,80.3031,81.0966,68.26064843223405,69.7429947463601,40.55589075415332,-1.4823463141260476,-1.7490023519843683,0.2666560378583207
2022-07-08,68.264,68.124,72.314,80.09989999999999,81.05915,68.06977944265958,69.5412914318149,38.76636894369423,-1.4715119891553172,-1.6935042794185582,0.22199229026324097
2022-07-11,67.80600000000001,67.87049999999999,71.9712,79.8945,81.0107,67.70519798994272,69.25675132575454,34.86155460885168,-1.5515533358118176,-1.6651140906972102,0.11356075488539252
2022-07-12,67.33000000000001,67.63250000000001,71.59479999999999,79.6554,80.9507,67.3120906068746,68.9525475238468,33.3540213295482,-1.640456916972198,-1.660182655952208,0.019725738980009844
2022-07-13,67.023,67.48949999999999,71.27759999999999,79.41159999999999,80.8878,66.96253820581697,68.66272918874705,33.04622973550825,-1.7001909829300814,-1.6681843213477827,-0.0320066615822987
2022-07-14,66.62100000000001,67.319,70.9534,79.197,80.81995,66.57753232799897,68.35141591550652,31.400836303711984,-1.7738835875075551,-1.6893241745797374,-0.08455941292781777
2022-07-15,66.458,67.1875,70.6396,78.992,80.76745,66.46714273907605,68.16686658843196,39.26209959773987,-1.6997238493559053,-1.691404109534971,-0.008319739820934258
2022-07-18,66.165,67.15299999999999,70.25439999999999,78.7903,80.71505,66.25681308691051,67.93969128558514,36.79688454394977,-1.6828781986746293,-1.6896989273629028,0.006820728688273547
2022-07-19,66.135,67.19899999999998,70.1308,78.618,80.6811,66.43576491969351,67.90119563480106,47.6107827333165,-1.4654307151075443,-1.6448452849118311,0.17941456980428683
2022-07-20,66.14500000000001,67.2175,69.9828,78.4384,80.64535,66.69487800897143,67.91740336555654,50.36998137013772,-1.222525356585109,-1.5603812992464867,0.33785594266137764
2022-07-21,66.285,67.29249999999999,69.837,78.2478,80.61855,67.04643523836044,67.99611422736716,53.60305459421757,-0.9496789890067134,-1.4382408371985322,0.4885618481918188
2022-07-22,66.49300000000001,67.3785,69.7302,78.0775,80.5919,67.36236827861268,68.07788354385848,54.052831686100255,-0.7155152652457986,-1.2936957228079855,0.578180457562187
2022-07-25,66.74499999999999,67.2755,69.64699999999999,77.90169999999999,80.5612,67.49431162036457,68.08841068875785,50.208907413680556,-0.5940990683932768,-1.1537763919250439,0.5596773235317671
2022-07-26,67.037,67.1835,69.5376,77.7005,80.52525,67.5828790633854,68.08704693403504,49.5619171569727,-0.5041678706496384,-1.0238546876699628,0.5196868170203244
2022-07-27,67.563,67.293,69.4764,77.52420000000001,80.49929999999999,68.00089766901843,68.25096938336578,58.18804238209007,-0.25007171434735653,-0.8690980930054415,0.619026378658085
2022-07-28,67.8,67.2105,69.3616,77.30369999999999,80.45649999999999,67.82075956609252,68.14571239200535,45.22643554797507,-0.32495282591283114,-0.7602690395869194,0.43531621367408824
2022-07-29,68.00999999999999,67.23400000000001,69.2186,77.1173,80.42075,67.84218117130905,68.13195591852347,49.19526926300999,-0.2897747472144232,-0.6661701811124201,0.3763954338979969
2022-08-01,68.262,67.2135,69.16799999999999,76.9187,80.38069999999999,67.80799945264613,68.09403325789211,48.066717404452746,-0.2860338052459781,-0.5901429059391318,0.30410910069315367
2022-08-02,68.277,67.20599999999999,69.113,76.7148,80.3313,67.77138415223902,68.05521597952973,47.89271972773979,-0.28383182729071166,-0.5288806902094477,0.24504886291873607
2022-08-03,68.338,67.2415,69.0716,76.5255,80.2808,67.91886351343302,68.10519998104604,52.21454659221534,-0.18633646761301748,-0.4603718456901617,0.27403537807714423
2022-08-04,68.314,67.2995,69.0096,76.3325,80.23005,68.0451922036741,68.15222220467226,52.25131349800678,-0.10703000099815085,-0.3897034767517596,0.28267347575360874
2022-08-05,68.27599999999998,67.38449999999999,68.956,76.1454,80.17469999999999,68.14900878772424,68.19427981914097,52.16486565858723,-0.045271031416731944,-0.3208169876847541,0.27554595626802214
2022-08-08,68.336,67.5405,68.8986,75.95190000000001,80.12299999999999,68.25223820499744,68.24062946216756,52.58724899254605,0.011608742829878338,-0.2543318415818276,0.2659405844117059
2022-08-09,68.34,67.6885,68.806,75.73599999999999,80.06815,68.2303554042286,68.2309532057107,49.26134955652826,-0.0005978014821010902,-0.2035850335618823,0.2029872320797812
2022-08-10,68.214,67.8885,68.6922,75.5206,80.01835,68.35491611127036,68.29088259788028,53.41723183814073,0.06403351339007202,-0.15006132417149146,0.21409483756156347
2022-08-11,68.40299999999999,68.1015,68.57260000000001,75.2906,79.96715,68.4110828633826,68.32266907211137,51.843712331845595,0.08841379127123616,-0.10236630108294595,0.1907800923541821
2022-08-12,68.58500000000001,68.2975,68.48479999999999,75.0745,79.9223,68.62168549978527,68.43061951121423,56.422911502281536,0.19106598857104018,-0.04367984315214873,0.2347458317231889
2022-08-15,68.793,68.5275,68.3796,74.8403,79.88225,68.78758003827986,68.52464769556873,55.99018129559912,0.26293234271112453,0.017642594020505928,0.2452897486906186
2022-08-16,69.03,68.65350000000001,68.30720000000001,74.6301,79.84535,68.96487541700603,68.62948860700808,57.054293464490016,0.33538680999794224,0.0811914372159932,0.25419537278194904
2022-08-17,69.047,68.6925,68.2076,74.40719999999999,79.79939999999999,68.95489458362049,68.64952648797045,51.26931045721693,0.30536809565003864,0.1260267689028023,0.17934132674723635
2022-08-18,69.08599999999998,68.7,68.1084,74.1834,79.75505,68.9818338784481,68.68511711849115,52.41834343695696,0.2967167599569507,0.16016476711363198,0.1365519928433187
2022-08-19,69.074,68.675,68.0182,73.95400000000001,79.70495,68.9230902048407,68.67881214675106,49.52067172330372,0.2442780580896482,0.17698742530883524,0.06729063278081296
2022-08-22,68.883,68.6095,67.941,73.6958,79.64125,68.6133840194806,68.5477890247695,41.62000815495979,0.06559499471110541,0.15470893918928927,-0.08911394447818385
2022-08-23,68.674,68.507,67.8632,73.4421,79.57365,68.21440186263743,68.3605453933051,38.16659569589274,-0.14614353066767194,0.09453844521789703,-0.24068197588556897
2022-08-24,68.36800000000001,68.291,67.82480000000001,73.2052,79.50399999999999,67.87064772992397,68.18420869750473,38.0139292060832,-0.3135609675807558,0.012918562658166474,-0.3264795302389223
2022-08-25,68.199,68.301,67.808,72.9754,79.4383,67.74131730993567,68.09871175694883,44.31106683265662,-0.3573944470131636,-0.06114403927609954,-0.296250407737064
2022-08-26,67.691,68.138,67.7322,72.72219999999999,79.35925,67.27342233917634,67.84695533050818,35.65499643400962,-0.5735329913318452,-0.1636218296872487,-0.4099111616445965
2022-08-29,67.147,67.97,67.7016,72.49680000000001,79.27730000000001,66.80981890237997,67.58125493565572,34.29263943992707,-0.771436033275748,-0.28518467040494855,-0.4862513628707994
2022-08-30,66.574,67.802,67.6558,72.26979999999999,79.193,66.40984676355228,67.33153234782937,34.133034093897734,-0.9216855842770855,-0.41248485317937594,-0.5092007310977096
2022-08-31,66.001,67.524,67.5642,72.0234,79.09895,65.91140879992886,67.0232706924346,30.91047951504605,-1.111861892505729,-0.5523602610446465,-0.5595016314610826
2022-09-01,65.432,67.259,67.4834,71.7682,79.0064,65.53119206147827,66.75784323373574,32.68727589919601,-1.2266511722574762,-0.6872184432872125,-0.5394327289702637
2022-09-02,64.805,66.9395,67.3824,71.51939999999999,78.9093,65.038700975097,66.42985484605161,29.345958858499273,-1.3911538709546107,-0.8280055288206922,-0.5631483421339185
2022-09-06,64.336,66.6095,67.2212,71.2807,78.81545,64.60505467123592,66.11801374634409,29.029272397180648,-1.5129590751081707,-0.964996238078188,-0.5479628370299827
2022-09-07,64.101,66.3875,67.09639999999999,71.05680000000001,78.7286,64.4612001064304,65.93667939476305,38.45724152332401,-1.4754792883326502,-1.0670928481290805,-0.40838644020356973
2022-09-08,63.93799999999999,66.15299999999999,67.0212,70.8529,78.6404,64.4440923977488,65.81914758774356,42.32660898382754,-1.3750551899947538,-1.128685316502215,-0.2463698734925388
2022-09-09,63.786,65.99249999999999,66.9618,70.6619,78.561,64.60807818271053,65.79624776642922,48.298352651880364,-1.1881695837186896,-1.14058216994551,-0.04758741377317954
2022-09-12,63.948,65.8195,66.9384,70.46770000000001,78.4888,64.87145076998583,65.8350442281752,52.03324207893518,-0.9635934581893792,-1.105184427594284,0.14159096940490468
2022-09-13,63.80500000000001,65.476,66.8344,70.2339,78.39925,64.55738142075724,65.61244835942148,38.97049807829378,-1.0550669386642397,-1.0951609298082752,0.040093991144035446
2022-09-14,63.587,65.0805,66.72059999999999,69.99,78.3174,64.16855350987151,65.34708181427915,36.69631596705488,-1.1785283044076351,-1.1118344047281472,-0.06669389967948791
2022-09-15,63.474000000000004,64.7375,66.601,69.7788,78.22905,63.84108373912205,65.10211279099921,36.746006302652475,-1.2610290518771663,-1.141673334157951,-0.11935571771921527
2022-09-16,63.35,64.39099999999999,66.49340000000001,69.5562,78.15015,63.58860931771866,64.88714147314742,37.59012002076861,-1.2985321554287665,-1.1730450984121141,-0.12548705701665241
2022-09-19,63.438,64.1215,66.41720000000001,69.3656,78.08189999999999,63.53036173037732,64.76290877143279,42.780982004513724,-1.2325470410554686,-1.1849454869407852,-0.047601554114683475
2022-09-20,63.412,63.874,66.34240000000001,69.15679999999999,77.99455,63.288767618011576,64.55528589947481,38.51172385637586,-1.2665182814632345,-1.2012600458452751,-0.0652582356179594
2022-09-21,63.053,63.577,66.241,68.9179,77.90235000000001,62.79511106139441,64.22378324025445,33.153046287887676,-1.4286721788600403,-1.2467424724482283,-0.18192970641181194
2022-09-22,62.598,63.267999999999994,66.1362,68.70689999999999,77.79775,62.334324744256804,63.896095592828196,32.42929876435207,-1.561770848571392,-1.3097481476728612,-0.25202270089853074
2022-09-23,61.931999999999995,62.859,66.024,68.4887,77.68475000000001,61.79827478360191,63.52231073410018,30.033655728539983,-1.7240359504982692,-1.3926057082379428,-0.33143024226032636
2022-09-26,61.169000000000004,62.558499999999995,65.8806,68.2601,77.5721,61.320078663047774,63.1643617908335,29.636561636584815,-1.8442831277857294,-1.4829411921475002,-0.36134193563822925
2022-09-27,60.68299999999999,62.24399999999999,65.738,67.9962,77.457,60.804681945655815,62.779594250771765,27.85197196987224,-1.97491230511595,-1.5813354147411902,-0.39357689037475985
2022-09-28,60.40599999999999,61.99649999999999,65.5748,67.8528,77.3428,60.56703856940108,62.518883565529414,35.36198151856877,-1.9518449961283366,-1.6554373310186197,-0.29640766510971694
2022-09-29,60.047000000000004,61.7605,65.3814,67.6821,77.2254,60.24134032795476,62.21748478289761,33.036614284812046,-1.9761444549428475,-1.7195787558034654,-0.2565656991393821
2022-09-30,59.571000000000005,61.4605,65.1506,67.49380000000001,77.1032,59.8103648928848,61.863597021201485,30.35607820556274,-2.0532321283166866,-1.7863094303061098,-0.2669226980105768
2022-10-03,59.153,61.295500000000004,64.9492,67.33970000000001,76.98385,59.69030875551791,61.653700945556935,38.77770793481108,-1.9633921900390234,-1.8217259822526928,-0.14166620778633066
2022-10-04,59.023,61.21750000000001,64.79799999999999,67.2225,76.86375,59.83949202389977,61.580093468108274,45.988373352075065,-1.740601444208501,-1.8055010746438547,0.06489963043535374
2022-10-05,59.077999999999996,61.0655,64.64920000000001,67.0934,76.7428,59.9611086356075,61.50971617417433,45.88126594999361,-1.5486075385668272,-1.7541223674284494,0.2055148288616222
2022-10-06,59.069,60.8335,64.4374,66.9569,76.6268,59.92247653782174,61.37640386497623,42.604270583642666,-1.4539273271544957,-1.6940833593736588,0.24015603221916315
2022-10-07,59.033,60.4825,64.2706,66.81609999999999,76.49325,59.70209553200301,61.16259617127429,38.66088773059473,-1.460500639271281,-1.6473668153531835,0.1868661760819026
2022-10-10,58.979,60.07399999999999,64.0744,66.6465,76.3545,59.46331160400255,60.93944089932805,37.615947184463636,-1.4761292953254994,-1.613119311347647,0.13699001602214755
2022-10-11,58.90400000000001,59.793499999999995,63.866400000000006,66.5172,76.20915,59.11818674184831,60.66392675863708,34.84192094359091,-1.5457400167887698,-1.5996434524358718,0.05390343564710198
2022-10-12,58.653000000000006,59.5295,63.65,66.3815,76.05245,58.7538503200255,60.374006257997294,33.497454516613345,-1.620155937971795,-1.6037459495430566,-0.01640998842873831
2022-10-13,58.702999999999996,59.375,63.45439999999999,66.263,75.90355,58.78402719386773,60.26852431296046,44.32682823494175,-1.4844971190927296,-1.5798961834529912,0.09539906436026158
2022-10-14,58.818999999999996,59.19500000000001,63.251599999999996,66.1306,75.7486,58.755715317888075,60.144929919407836,43.12370211147947,-1.389214601519761,-1.5417598670663453,0.1525452655465842
2022-10-17,58.903999999999996,59.028499999999994,63.074799999999996,66.0154,75.6033,58.92868219205914,60.12530548093318,48.61651339613032,-1.1966232888740365,-1.4727325514278837,0.27610926255384727
2022-10-18,58.910000000000004,58.966499999999996,62.912800000000004,65.9057,75.4633,59.20426954712697,60.16935692678998,51.89948470217712,-0.9650873796630108,-1.3712035170749093,0.40611613741189845
2022-10-19,58.827999999999996,58.952999999999996,62.7468,65.77640000000001,75.3145,59.297458847568976,60.142737895175905,48.29925092539233,-0.8452790476069296,-1.2660186231813133,0.4207395755743837
2022-10-20,58.835,58.952,62.5616,65.62689999999999,75.1563,59.37169594794298,60.11586842145917,48.18059093078824,-0.744172473516187,-1.161649393248288,0.4174769197321011
2022-10-21,59.013999999999996,59.02349999999999,62.392799999999994,65.4827,75.0076,59.51143503287483,60.128026316165894,50.369105608067,-0.6165912832910649,-1.0526377712568435,0.4360464879657786
2022-10-24,59.275,59.126999999999995,62.212399999999995,65.34859999999999,74.87025,59.703521950894086,60.174839181635086,52.44547570385251,-0.4713172307410005,-0.936373663153675,0.46505643241267447
2022-10-25,59.701,59.302499999999995,62.047999999999995,65.2138,74.74055,59.976826266141146,60.27151776077323,55.45584211244009,-0.2946914946320831,-0.8080372294493567,0.5133457348172736
2022-10-26,60.190999999999995,59.422000000000004,61.88219999999999,65.0947,74.6154,60.23423760981174,60.373627556271515,56.1614841872431,-0.13938994645977232,-0.67430777285144,0.5349178263916676
2022-10-27,60.47800000000001,59.5905,61.7406,64.97409999999999,74.48465,60.47820105445609,60.48076625580696,56.89682331783943,-0.0025652013508690175,-0.5399592585513259,0.5373940572004569
2022-10-28,60.92,59.869499999999995,61.6184,64.8634,74.3594,60.869247046078236,60.66885764426571,61.77140328471945,0.2003894018125294,-0.39188952647855485,0.5922789282910843
2022-10-31,61.157000000000004,60.030499999999996,61.491400000000006,64.75479999999999,74.23464999999999,61.08167057745081,60.78597930024603,57.29395206003798,0.2956912772047815,-0.2543733657418876,0.5500646429466691
2022-11-01,61.338,60.124,61.40379999999999,64.6724,74.1113,61.30449048861222,60.91516601874632,58.47272146825098,0.3893244698658975,-0.12563379862033058,0.5149582684862282
2022-11-02,61.383,60.105500000000006,61.288599999999995,64.5759,73.98165,61.14379964421034,60.86663520254289,47.11795060007879,0.2771644416674519,-0.045074150562774085,0.322238592230226
2022-11-03,60.601,59.717999999999996,61.008199999999995,64.4165,73.81124999999999,59.7309073912549,60.206884446798966,26.701036371707957,-0.4759770555440639,-0.13125473155903206,-0.34472232398503183
2022-11-04,59.836,59.425,60.720200000000006,64.2641,73.64595,58.63846010029261,59.645633747036086,29.361908842440258,-1.0071736467434746,-0.3064385145959206,-0.7007351321475541
2022-11-07,59.135000000000005,59.205000000000005,60.5012,64.1167,73.49340000000001,57.886389315632215,59.20892013614453,33.695024193031244,-1.3225308205123127,-0.5096569757791991,-0.8128738447331136
2022-11-08,58.309000000000005,59.00500000000001,60.2804,63.99100000000001,73.334,57.16848326707341,58.765296422356045,32.67361214724221,-1.5968131552826321,-0.7270882116798858,-0.8697249436027463
2022-11-09,57.54600000000001,58.868500000000004,60.0766,63.8662,73.19284999999999,56.684101225985195,58.41379298366301,35.83537757627697,-1.7296917576778128,-0.9276089208794713,-0.8020828367983415
2022-11-10,57.092999999999996,58.7855,59.958999999999996,63.7616,73.07015,56.77731642198748,58.33054905894723,46.82733858673851,-1.5532326369597484,-1.0527336640955267,-0.5004989728642217
2022-11-11,56.632999999999996,58.7765,59.858599999999996,63.67100000000001,72.95330000000001,57.030036972450944,58.33717505458077,50.01405086266128,-1.3071380821298249,-1.1036145477023864,-0.20352353442743842
2022-11-14,56.215999999999994,58.6865,59.773599999999995,63.578,72.8215,57.19156974592003,58.318125050537745,49.061301478301395,-1.1265553046177175,-1.1082026990854528,-0.0183526055322647
2022-11-15,55.959,58.6485,59.7284,63.474799999999995,72.6942,57.61748209270156,58.43974541716458,54.2508898537386,-0.8222633244630231,-1.051014824160967,0.22875149969794384
2022-11-16,55.874,58.62850000000001,59.6432,63.3698,72.55915,57.89325407843978,58.511616127004245,52.56371293310374,-0.6183620485644639,-0.9644842690416664,0.34612222047720254
2022-11-17,56.625,58.613,59.54560000000001,63.2834,72.4153,58.13583037406443,58.58260752500393,52.73639761865212,-0.44677715093949644,-0.8609428454212324,0.414165694481736
2022-11-18,57.358999999999995,58.597500000000004,59.434799999999996,63.198299999999996,72.28484999999999,58.41801031651606,58.6853773379666,54.23164108483096,-0.26736702145053926,-0.7422276806270939,0.4748606591765546
2022-11-21,57.803999999999995,58.469500000000004,59.272400000000005,63.1054,72.14174999999999,58.384470267821285,58.64942346108018,48.39487353254293,-0.2649531932588971,-0.6467727831534545,0.38181958989455744
2022-11-22,58.404999999999994,58.357000000000006,59.2004,63.017399999999995,71.9992,58.514551765079545,58.6924291306298,51.655600696035464,-0.1778773655502519,-0.5529936996328141,0.3751163340825622
2022-11-23,59.00599999999999,58.275999999999996,59.1604,62.9405,71.8535,58.747697647375,58.79150845428685,54.08242324179189,-0.04381080691184991,-0.45115712108862127,0.40734631417677136
2022-11-25,59.36900000000001,58.23100000000001,59.138000000000005,62.86950000000001,71.69965,59.08189800931731,58.94917449471004,56.687326207791145,0.13272351460726384,-0.33438099394944426,0.4671045085567081
2022-11-28,59.537,58.085,59.096,62.794700000000006,71.5489,59.23852908480695,59.03442082843522,53.66650888439716,0.20410825637172536,-0.22668314388521038,0.43079140025693574
2022-11-29,59.690999999999995,57.953500000000005,59.0242,62.720699999999994,71.4103,59.297216917913566,59.07779706336595,51.9222767386692,0.21941985454761692,-0.13746254419864493,0.3568823987462618
2022-11-30,59.916,57.9375,59.02919999999999,62.6858,71.29015,59.74533739208071,59.30981209570921,59.559872491167816,0.4355252963714946,-0.022864976084617017,0.45839027245611164
2022-12-01,60.237,58.055499999999995,59.08,62.66049999999999,71.15795,60.18759317791444,59.55501119973075,60.62619586080874,0.632581978183687,0.1082244147690438,0.5243575634146432
2022-12-02,60.528999999999996,58.57700000000001,59.131800000000005,62.63399999999999,71.0228,60.52642499669683,59.76501037012107,59.67558718253225,0.761414626575764,0.23886245713038784,0.5225521694453761
2022-12-05,60.577,58.967999999999996,59.163799999999995,62.59389999999999,70.89545,60.514667304897316,59.81575034270469,52.23568346392869,0.6989169621926266,0.3308733581428356,0.368043604049791
2022-12-06,60.721000000000004,59.2625,59.18280000000001,62.5317,70.76185000000001,60.380103104143885,59.80273179880064,49.462886659435775,0.5773713053432417,0.3801729475829168,0.19719835776032485
2022-12-07,60.738,59.57149999999999,59.2114,62.47469999999999,70.6325,60.22931801119867,59.7728998137043,48.63903947934933,0.4564181974943722,0.3954219975652079,0.060996199929164274
2022-12-08,60.665,59.8355,59.2122,62.3935,70.50575,60.0863460094758,59.73787019787435,48.27821841923764,0.34847581160144614,0.38603276037245554,-0.0375569487710094
2022-12-09,60.407,59.888,59.21,62.2957,70.36705,59.81767739263337,59.63432425729107,44.839301798527494,0.18335313534230124,0.3454968353664247,-0.16214370002412348
2022-12-12,60.301,59.919,59.242,62.1963,70.22205,59.69803471684362,59.59030023823247,47.76126379354773,0.1077344786111496,0.29794436401536967,-0.19020988540422007
2022-12-13,60.257000000000005,59.974000000000004,59.245,62.0971,70.0873,59.61833706809845,59.55990762799303,48.35054854157754,0.05842944010542084,0.2500413792333799,-0.19161193912795904
2022-12-14,59.859,59.8875,59.196400000000004,61.9972,69.94945,59.40474674992946,59.4613959518454,44.66830691244775,-0.05664920191593836,0.18870326300351623,-0.2453524649194546
2022-12-15,59.23199999999999,59.734500000000004,59.1108,61.88,69.79025,58.934785711478774,59.230922177634625,38.4308223592062,-0.29613646615585054,0.09173531717164289,-0.38787178332749345
2022-12-16,58.549,59.53900000000001,59.0278,61.732600000000005,69.6284,58.41558790971281,58.959002016328355,36.14663466871715,-0.5434141066155433,-0.035294567585794356,-0.508119539029749
2022-12-19,58.001999999999995,59.2895,58.95759999999999,61.6141,69.4589,57.88703592360315,58.66426112622996,34.5242210496785,-0.7772252026268092,-0.18368069459399733,-0.5935445080328119
2022-12-20,57.541999999999994,59.1315,58.89540000000001,61.484899999999996,69.30109999999999,57.449030396894976,58.39579733910181,34.84999481563021,-0.9467669422068354,-0.336297944116565,-0.6104689980902704
2022-12-21,57.165,58.951499999999996,58.8636,61.365,69.14184999999999,57.16917956660345,58.19092346213131,38.11087771083715,-1.0217438955278624,-0.47338713439882446,-0.5483567611290379
2022-12-22,56.781000000000006,58.723,58.837799999999994,61.243900000000004,68.97935000000001,56.90622886404907,57.98863283530677,37.528026017914605,-1.0824039712576976,-0.5951905017705992,-0.4872134694870984
2022-12-23,56.549,58.477999999999994,58.7792,61.116800000000005,68.82115,56.769885961887674,57.8428081808396,40.742965582252985,-1.0729222189519234,-0.6907368452068641,-0.38218537374505934
2022-12-27,56.29299999999999,58.297000000000004,58.736799999999995,60.9942,68.66335,56.72528812159726,57.74185942670333,43.32313311880718,-1.0165713051060692,-0.7559037371867051,-0.2606675679193641
2022-12-28,55.93299999999999,58.09499999999999,58.6508,60.86280000000001,68.5041,56.54908994904383,57.58172169139197,39.682504113834305,-1.032631742348137,-0.8112493382189916,-0.22138240412914545
2022-12-29,55.823,57.84100000000001,58.57899999999999,60.7459,68.3489,56.63846072611401,57.54826082536293,47.81584694917611,-0.909800099248919,-0.8309594904249772,-0.07884060882394184
2022-12-30,55.907000000000004,57.569500000000005,58.5266,60.6367,68.18635,56.72331292209647,57.52172298644716,48.10754546860328,-0.7984100643506906,-0.82444960521012,0.02603954085942939
2023-01-03,56.11,57.329499999999996,58.482800000000005,60.522200000000005,68.0214,56.85664939562009,57.52678054300663,50.10973337912056,-0.6701311473865417,-0.7935859136454044,0.12345476625886276
2023-01-04,56.41799999999999,57.21,58.4384,60.4156,67.8531,57.041780257832386,57.5662782805617,52.43213247422951,-0.5244980227293112,-0.7397683354621858,0.21527031273287456
2023-01-05,56.67100000000001,57.1065,58.3746,60.2935,67.684,57.12304483355048,57.56655396348305,49.82791841665809,-0.44350912993257197,-0.680516494356263,0.23700736442369108
2023-01-06,57.083000000000006,57.124,58.34,60.194,67.51714999999999,57.52719178223502,57.72829070692875,59.47233277547668,-0.20109892469373136,-0.5846329804237567,0.3835340557300253
2023-01-09,57.623000000000005,57.202,58.3242,60.103199999999994,67.36664999999999,58.03993150804502,57.96026917308218,63.336845476346205,0.07966233496284048,-0.45177391734643724,0.5314362523092777
2023-01-10,58.141999999999996,57.3455,58.312,60.0263,67.21675,58.52763435296117,58.2009899750761,64.48675389229203,0.3266443778850743,-0.2960902583001349,0.6227346361852092
2023-01-11,58.64399999999999,57.468500000000006,58.2816,59.95,67.0667,58.98492137558253,58.44536108803342,65.45358593262547,0.5395602875491079,-0.12896014913028636,0.6685204366793942
2023-01-12,59.59599999999999,57.7645,58.3386,59.915,66.9345,59.92570270241599,58.93829730373465,74.67191495897436,0.9874053986813394,0.0943129604320388,0.8930924382493006
2023-01-13,60.289,58.056,58.3692,59.8865,66.79115,60.56174844050584,59.317682688643195,68.94808210502873,1.2440657518626423,0.3242635187181595,0.9198022331444828
2023-01-17,60.866,58.3865,58.423199999999994,59.8559,66.649,60.93071021888956,59.58748397096592,63.41150040736712,1.3432262479236385,0.5280560645592554,0.8151701833643832
2023-01-18,61.205999999999996,58.658,58.6038,59.806,66.5056,60.93983172367578,59.69137404719067,54.907734912833746,1.2484576764851099,0.6721363869444263,0.5763212895406835
2023-01-19,61.537,58.977500000000006,58.7786,59.74940000000001,66.3624,61.006011458494896,59.815716710361734,56.12985633398071,1.1902947481331623,0.7757680591821735,0.41452668895098876
2023-01-20,62.053999999999995,59.3625,58.958400000000005,59.729800000000004,66.226,61.27277892641876,60.03233028737198,60.30672562648989,1.2404486390467824,0.8687041751550953,0.371744463891687
2023-01-23,62.503,59.793000000000006,59.1788,59.7296,66.11319999999999,61.72927447620049,60.34400952534442,64.31305436961829,1.3852649508560688,0.9720163302952901,0.4132486205607787
2023-01-24,62.80899999999999,60.215999999999994,59.3768,59.7267,65.99825,62.06630917216964,60.608897708652236,62.85552761466899,1.4574114635174027,1.0690953569397126,0.3883161065776901
2023-01-25,63.10200000000001,60.622,59.5138,59.7364,65.87989999999999,62.38533853029739,60.870460841344666,63.46850191684617,1.5148776889527227,1.1582518233423147,0.356625865610408
2023-01-26,63.418000000000006,61.03099999999999,59.6386,59.7486,65.7584,62.735286448713175,61.15116744568951,64.94118940916724,1.584119003023666,1.243425259278585,0.340693743745081
2023-01-27,63.479,61.5375,59.791199999999996,59.78240000000001,65.65090000000001,63.192934687372684,61.4888587460088,67.76682912096022,1.7040759413638824,1.3355553956956445,0.3685205456682379
2023-01-30,63.6,61.94449999999999,59.8974,59.8129,65.5468,63.512483197007654,61.76894328334148,65.38851537899424,1.7435399136661758,1.4171522992897507,0.32638761437642505
2023-01-31,63.979000000000006,62.42249999999999,60.044200000000004,59.8437,65.45025000000001,64.01056270516032,62.1379104475384,69.29235696360871,1.8726522576219224,1.5082522909561853,0.36439996666573715
2023-02-01,64.764,62.985,60.2316,59.8886,65.37075,64.75355305821257,62.63436152549852,73.78843785614353,2.119191532714055,1.6304401393077594,0.4887513934062955
2023-02-02,65.69300000000001,63.614999999999995,60.4454,59.9401,65.301,65.66223720310295,63.22885326435048,76.95298841267324,2.4333839387524705,1.7910288991967016,0.6423550395557689
2023-02-03,66.241,64.14750000000001,60.6458,59.9591,65.21340000000001,66.05573917185635,63.59856783736156,65.53038776854342,2.457171334494788,1.9242573862563188,0.5329139482384693
2023-02-06,66.5,64.50150000000001,60.797799999999995,59.9991,65.1165,66.17485622233998,63.837933182742184,60.06096532209025,2.3369230395977993,2.006790516924615,0.33013252267318416
2023-02-07,66.85999999999999,64.8345,60.9476,60.053999999999995,65.02199999999999,66.38180141890307,64.11067887290943,61.76688052123059,2.2711225459936344,2.0596569227384194,0.211465623255215
2023-02-08,67.076,65.089,61.055200000000006,60.096599999999995,64.93769999999999,66.36921658522567,64.27285080824947,57.12116755103774,2.0963657769761994,2.0669986935859757,0.029367083390223758
2023-02-09,67.273,65.34549999999999,61.1858,60.1409,64.84855,66.40933711057556,64.44745445208285,58.040485941753815,1.961882658492712,2.045975486567323,-0.08409282807461116
2023-02-10,67.374,65.4265,61.327799999999996,60.176,64.7708,66.45713140125625,64.61579115933597,58.30305316153016,1.8413402419202782,2.0050484376379143,-0.16370819571763606
2023-02-13,67.63,65.615,61.440200000000004,60.234700000000004,64.69575,66.66834195490914,64.85388070308886,61.50272335999612,1.8144612518202763,1.9669310004743867,-0.15246974865411045
2023-02-14,67.696,65.8375,61.535999999999994,60.308,64.61295,66.78244319261542,65.04322287323043,59.63791416898685,1.7392203193849838,1.9213888642565062,-0.18216854487152245
2023-02-15,67.525,66.14450000000001,61.6308,60.3813,64.54410000000001,66.83591347067458,65.19779895669485,58.367330384809016,1.6381145139797297,1.864733994201151,-0.2266194802214212
2023-02-16,67.095,66.39399999999999,61.749,60.456399999999995,64.47255,66.76269601364773,65.2838879228656,54.903187486110696,1.478808090782124,1.7875488135173456,-0.3087407227352217
2023-02-17,66.821,66.53099999999999,61.8658,60.524300000000004,64.39219999999999,66.56535816539423,65.29841474339408,51.165685788348654,1.2669434220001534,1.683427735213907,-0.4164843132137537
2023-02-21,66.604,66.55199999999999,61.971000000000004,60.5912,64.2937,66.27222613994897,65.25112476240191,47.89393494255528,1.0211013775470548,1.5509624636805366,-0.5298610861334818
2023-02-22,66.296,66.578,62.0738,60.642999999999994,64.2479,65.99034519534143,65.19104144666844,47.02512477991073,0.7993037486729975,1.400630720679029,-0.6013269720060315
2023-02-23,66.095,66.5855,62.1928,60.70139999999999,64.19175,65.72875362682737,65.12429763580411,46.40699301381497,0.6044559910232579,1.2413957747478748,-0.6369397837246169
2023-02-24,65.815,66.54400000000001,62.288599999999995,60.7653,64.12955,65.43663768423855,65.02842373685566,44.47622421036576,0.4082139473828903,1.074759409274878,-0.6665454618919877
2023-02-27,65.49300000000001,66.43350000000001,62.375,60.81,64.07485000000001,65.13869342512493,64.91520716375524,43.09114172690284,0.2234862613696862,0.9045047796938397,-0.6810185183241535
2023-02-28,64.973,66.3015,62.463,60.829699999999995,64.0261,64.75274059049033,64.74593255903262,39.59064038274359,0.0068080314577088075,0.7249654300466136,-0.7181573985889048
2023-03-01,64.46900000000001,66.08250000000001,62.583400000000005,60.8471,63.97025000000001,64.38616511503028,64.56993755465984,38.58193343141996,-0.18377243962956413,0.5432178561113781,-0.7269902957409422
2023-03-02,64.009,65.767,62.72280000000001,60.875299999999996,63.9161,64.10060125117947,64.41883106912948,39.601764079625326,-0.31822981795001226,0.37092832129910003,-0.6891581392491123
2023-03-03,63.626999999999995,65.361,62.874,60.9158,63.865950000000005,63.860508750998015,64.27965839734212,39.66919137900615,-0.4191496463441027,0.2129127277704595,-0.6320623741145621
2023-03-06,63.339999999999996,65.0805,63.02539999999999,60.9604,63.803450000000005,63.66812278930601,64.15597999753899,40.17268474088791,-0.48785720823298107,0.0727587405697714,-0.5606159488027525
2023-03-07,63.016,64.81,63.1412,61.002399999999994,63.759800000000006,63.3222577447974,63.9533148125361,34.84829601906553,-0.631057067738702,-0.06800442109192328,-0.5630526466467787
2023-03-08,62.725,64.5105,63.2626,61.0502,63.71585,63.04652578405934,63.7738100116075,35.696699747187225,-0.7272842275481608,-0.1998603823831708,-0.52742384516499
2023-03-09,62.387,64.241,63.3604,61.06980000000001,63.666399999999996,62.71782950958867,63.56167593667361,33.081830322087185,-0.8438464270849408,-0.32865759132352484,-0.515188835761416
2023-03-10,62.041999999999994,63.92850000000001,63.4384,61.087599999999995,63.6091,62.35816343119041,63.325996237660746,30.991867544151376,-0.9678328064703337,-0.4564926343528866,-0.5113401721174471
2023-03-13,61.489999999999995,63.491499999999995,63.4864,61.068599999999996,63.542,61.68459982639189,62.92999651635254,23.692567658857968,-1.24539668996065,-0.6142734454744393,-0.6311232444862106
2023-03-14,61.07099999999999,63.022000000000006,63.5126,61.0458,63.47575,61.1854306223316,62.59740418180791,27.23022500110511,-1.4119735594763085,-0.7738134682748132,-0.6381600912014953
2023-03-15,60.541,62.504999999999995,63.5102,61.0184,63.3974,60.5522874496652,62.18796683500732,23.70535710391644,-1.6356793853421223,-0.9461866516882751,-0.6894927336538472
2023-03-16,60.128,62.06849999999999,63.526399999999995,61.0046,63.31575,60.22116630356287,61.90737669908086,32.79983389982243,-1.686210395517989,-1.094191400454218,-0.5920189950637711
2023-03-17,59.653,61.64,63.520999999999994,60.9797,63.2312,59.847140718399345,61.60238583248228,30.976053128383313,-1.755245114082932,-1.2264021431799608,-0.5288429709029712
2023-03-20,59.262,61.301,63.543600000000005,60.9591,63.153850000000006,59.67065753095329,61.38739428933544,36.636328529628685,-1.7167367583821473,-1.3244690662203982,-0.39226769216174917
2023-03-21,59.038,61.027,63.5322,60.936099999999996,63.07495,59.595171756960475,61.223883601236516,39.45658879357803,-1.6287118442760402,-1.3853176218315266,-0.24339422244451359
2023-03-22,58.629,60.677,63.4638,60.894,62.994350000000004,59.26360687127425,60.943595927070845,33.61564533517357,-1.6799890557965966,-1.4442519086245407,-0.23573714717205596
2023-03-23,58.354,60.37050000000001,63.4028,60.857400000000005,62.915749999999996,59.09382119877052,60.73740363617671,37.72385960709413,-1.643582437406188,-1.48411801438087,-0.15946442302531794
2023-03-24,58.181,60.1115,63.3458,60.8137,62.83855,59.025541014344284,60.58278114460806,40.425907554349614,-1.5572401302637786,-1.4987424375574518,-0.058497692706326765
2023-03-27,58.28399999999999,59.887,63.224000000000004,60.7813,62.76805,59.02315008906055,60.46627883760006,42.40315560624535,-1.4431287485395075,-1.4876196997538629,0.04449095121435542
2023-03-28,58.335,59.70300000000001,63.1218,60.7455,62.70895,59.011896229205085,60.353961886666724,42.1520503184033,-1.3420656574616388,-1.458508891295418,0.1164432338337793
2023-03-29,58.57899999999999,59.56,63.0528,60.738,62.656949999999995,59.08852757855814,60.291446191358084,45.40185336343255,-1.202918612799941,-1.4073908355963227,0.20447222279638178
2023-03-30,58.720000000000006,59.424,63.0292,60.8165,62.6165,59.19952333570304,60.25578351051674,47.115859727438604,-1.0562601748137013,-1.3371647034397984,0.28090452862609716
2023-03-31,59.031000000000006,59.342,63.0198,60.8992,62.581649999999996,59.461135130210266,60.30350325047847,52.90126395413477,-0.8423681202682047,-1.2382053868054799,0.39583726653727513
2023-04-03,59.298,59.279999999999994,62.9924,60.9754,62.546049999999994,59.75480664863946,60.38250300970229,55.1782137926327,-0.6276963610628314,-1.1161035816569502,0.4884072205941188
2023-04-04,59.447,59.24250000000001,62.92099999999999,61.0499,62.52044999999999,59.89560562577185,60.40379908305768,51.207550354550996,-0.5081934572858273,-0.9945215567827257,0.48632809949689837
2023-04-05,59.76899999999999,59.199,62.8558,61.1163,62.491249999999994,60.013204760268486,60.42277692875711,51.150921790759185,-0.4095721684886229,-0.8775316791239052,0.4679595106352823
2023-04-06,59.995000000000005,59.1745,62.781400000000005,61.147600000000004,62.45459999999999,60.07578864330411,60.42257123033066,49.72953628934354,-0.34678258702655285,-0.7713818607044347,0.42459927367788186
2023-04-10,60.24100000000001,59.211,62.7104,61.174499999999995,62.42274999999999,60.23489808279578,60.47349187993579,53.711979214426584,-0.2385937971400125,-0.6648242479915504,0.4262304508515379
2023-04-11,60.509,59.3965,62.63,61.21060000000001,62.3943,60.45875991621181,60.56360359253314,56.809328688436395,-0.10484367632133029,-0.5528281336575064,0.4479844573361761
2023-04-12,60.641999999999996,59.4885,62.53020000000001,61.2138,62.3443,60.431258390640764,60.542595919012165,48.34074572577247,-0.11133752837140065,-0.46453001260028526,0.3531924842288846
2023-04-13,60.751999999999995,59.66550000000001,62.407399999999996,61.2258,62.297799999999995,60.45875709977295,60.54758881390015,50.211428992303595,-0.08883171412719548,-0.3893903529056673,0.30055863877847183
2023-04-14,60.775,59.7475,62.2314,61.2315,62.25745,60.394332930577114,60.509989642500145,47.04266670599166,-0.11565671192303029,-0.33464362470913994,0.21898691278610966
2023-04-17,60.760000000000005,59.895500000000006,62.03320000000001,61.23929999999999,62.2188,60.44905094125756,60.527768187500136,51.17589634147608,-0.07871724624257581,-0.2834583490158271,0.2047411027732513
2023-04-18,60.73499999999999,60.01649999999999,61.8912,61.268499999999996,62.186949999999996,60.55227387337178,60.57163721064828,53.22473491956414,-0.019363337276494974,-0.23063934666796068,0.2112760093914657
2023-04-19,60.693000000000005,60.06999999999999,61.7596,61.2787,62.14804999999999,60.505770200545356,60.54781223208174,48.1122574130029,-0.04204203153638275,-0.1929198836416451,0.15087785210526236
2023-04-20,60.624,60.1965,61.608599999999996,61.278099999999995,62.109300000000005,60.42334401584607,60.50501132600161,46.56210648406122,-0.08166731015553808,-0.17066936894442372,0.08900205878888565
2023-04-21,60.53099999999999,60.263,61.4724,61.26379999999999,62.06665,60.27975262879283,60.42982530185334,43.94798874277959,-0.15007267306051375,-0.16655002976764172,0.016477356707127966
2023-04-24,60.36999999999999,60.305499999999995,61.329800000000006,61.257799999999996,62.02625,60.15979068590162,60.360949353567904,44.01850357454846,-0.20115866766628443,-0.17347175734737025,-0.027686910318914182
2023-04-25,60.047000000000004,60.278,61.1646,61.2462,61.98344999999999,59.89828442653214,60.22013829034065,38.58230331286125,-0.32185386380850645,-0.2031481786395975,-0.11870568516890895
2023-04-26,59.859,60.2505,60.97599999999999,61.2081,61.946949999999994,59.66777913014258,60.0853132317969,38.28851716520375,-0.4175341016543257,-0.24602536324254315,-0.17150873841178255
2023-04-27,59.71900000000001,60.23549999999999,60.812,61.17400000000001,61.91725,59.597351571659104,60.020475214626764,44.43928636213689,-0.4231236429676599,-0.2814450191875665,-0.14167862378009344
2023-04-28,59.68699999999999,60.230999999999995,60.6638,61.147299999999994,61.890649999999994,59.61622056063463,59.998217791321075,47.95650786443176,-0.3819972306864443,-0.3015554614873421,-0.08044176919910223
2023-05-01,59.59599999999999,60.17800000000001,60.5334,61.1412,61.86755,59.65064816669084,59.98649795492692,48.77815040002296,-0.33584978823607514,-0.3084143268370887,-0.02743546139898645
2023-05-02,59.42199999999999,60.0785,60.41139999999999,61.1386,61.835150000000006,59.60900998719995,59.94157218048788,45.793576631209234,-0.33256219328793435,-0.31324390012725783,-0.019318293160676514
2023-05-03,59.28700000000001,59.989999999999995,60.2962,61.13360000000001,61.80415,59.49993152763072,59.86441868563693,42.84745857453396,-0.3644871580062059,-0.32349255170304747,-0.04099460630315843
2023-05-04,59.576,60.1,60.2646,61.169200000000004,61.781349999999996,60.01686513876446,60.08631359781197,63.633924239099706,-0.06944845904751418,-0.27268373317194083,0.20323527412442666
2023-05-05,59.956,60.2435,60.2446,61.2187,61.757200000000005,60.52042434818531,60.32362370167775,65.11750305384594,0.1968006465075618,-0.17878685723604032,0.3755875037436021
2023-05-08,60.17,60.27,60.2008,61.2447,61.720499999999994,60.6926667561568,60.421133057109024,55.723462136365846,0.27153369904777236,-0.08872274597927779,0.3602564450270501
2023-05-09,60.487,60.266999999999996,60.1634,61.26919999999999,61.683150000000005,60.836871870594216,60.51067875658243,55.6710436096709,0.32619311401178663,-0.005739573981064908,0.3319326879928515
2023-05-10,60.903,60.38100000000001,60.162,61.3125,61.654849999999996,61.10196850588741,60.66248033016891,59.48784607987479,0.43948817571850185,0.08330597595884845,0.3561821997596534
2023-05-11,61.169999999999995,60.44449999999999,60.1522,61.367799999999995,61.62389999999999,61.22166565882782,60.75266697237862,55.71071906673067,0.46899868644919707,0.16044451805691817,0.3085541683922789
2023-05-12,61.36400000000001,60.5255,60.1348,61.4288,61.58070000000001,61.289101711315844,60.8198768262765,54.504940211454866,0.46922488503934545,0.22220059145340362,0.24702429358594183
2023-05-15,61.656000000000006,60.626,60.1392,61.5066,61.56035,61.515393755728795,60.96358965395972,59.25361738701379,0.551804101769072,0.2881212935165373,0.2636828082525347
2023-05-16,61.91600000000001,60.669000000000004,60.12660000000001,61.57599999999999,61.53045,61.58687163946283,61.03887930922197,54.87936269324384,0.5479923302408594,0.3400955008614017,0.20789682937945764
2023-05-17,62.302,60.794500000000006,60.153400000000005,61.647299999999994,61.506150000000005,61.76735292569931,61.16636973076108,58.20232918778434,0.6009831949382303,0.3922730396767674,0.20871015526146286
2023-05-18,62.37800000000001,60.977,60.19519999999999,61.728899999999996,61.4864,62.0523755525148,61.34812012107508,61.5634467631092,0.7042554314397265,0.45466951802935923,0.24958591341036723
2023-05-19,62.35,61.153,60.2372,61.7988,61.4578,62.199702390589444,61.47122233432878,58.00073113514,0.7284800562606648,0.5094316256756204,0.21904843058504442
2023-05-22,62.587,61.378499999999995,60.309799999999996,61.8741,61.43415,62.47820971511415,61.65927993919331,61.89393531331234,0.8189297759208358,0.5713312557246635,0.24759852019617234
2023-05-23,62.754,61.62050000000001,60.416199999999996,61.95129999999999,61.40705,62.60463898971197,61.78081475851233,57.797399277516085,0.8238242311996444,0.6218298508196597,0.20199438037998474
2023-05-24,62.759,61.830999999999996,60.4996,62.006099999999996,61.376000000000005,62.60546376052552,61.842235887511414,54.05314708489169,0.7632278730141024,0.6501094552585482,0.1131184177555542
2023-05-25,62.787,61.97850000000001,60.601400000000005,62.0558,61.34625,62.53693087429082,61.86577396991798,51.70079604144965,0.671156904372836,0.6543189450814059,0.01683795929143017
2023-05-26,62.90899999999999,62.1365,60.691,62.1087,61.31544999999999,62.58971073978454,61.94090182399813,55.069963412835264,0.648808915786411,0.653216939222407,-0.004408023435996
2023-05-30,62.878,62.266999999999996,60.7842,62.1526,61.284099999999995,62.568216779817696,61.978612799998274,52.70536141909083,0.5896039798194224,0.6404943473418101,-0.050890367522387736
2023-05-31,62.928999999999995,62.4225,60.86,62.20179999999999,61.24764999999999,62.55618342907651,62.01649333333173,52.90792776044062,0.5396900957447812,0.6203334970224044,-0.08064340127762315
2023-06-01,62.87199999999999,62.587,60.9202,62.2262,61.210100000000004,62.49984751691089,62.029345679010866,51.138828917866824,0.47050183790002365,0.5903671651979283,-0.11986532729790467
2023-06-02,62.887,62.63250000000001,61.046800000000005,62.2553,61.17925,62.69525559123229,62.158283036121176,58.92809755139663,0.5369725551111131,0.5796882431805653,-0.04271568806945225
2023-06-05,62.715999999999994,62.533,61.1096,62.2562,61.14125,62.48060088488886,62.09470651492701,46.45917667566514,0.38589436996184645,0.5409294685368216,-0.1550350985749751
2023-06-06,62.532,62.5595,61.18,62.2629,61.106449999999995,62.432816133367496,62.1002838101176,50.43721644573254,0.3325323232498931,0.49925003947943586,-0.16671771622954273
2023-06-07,62.462,62.608000000000004,61.251799999999996,62.237899999999996,61.07645,62.45853672823404,62.13729982418297,52.322728674834444,0.3212369040510694,0.4636474123937626,-0.1424105083426932
2023-06-08,62.431,62.59499999999999,61.3188,62.220299999999995,61.0534,62.434146462351876,62.1493516890583,50.868736408700215,0.2847947732935765,0.4278768845737254,-0.14308211128014892
2023-06-09,62.42,62.6035,61.3696,62.2112,61.033550000000005,62.37504700660543,62.14199230468361,49.63099997582296,0.23305470192181588,0.3889124480433436,-0.1558577461215277
2023-06-12,62.464,62.6865,61.4398,62.234500000000004,61.020250000000004,62.52042439020459,62.22925213396631,55.548184630817374,0.29117225623827636,0.3693644096823302,-0.07819215344405384
2023-06-13,62.641999999999996,62.760000000000005,61.506400000000006,62.263099999999994,61.00625,62.78343602248081,62.377455679598434,59.24287219976671,0.4059803428823727,0.3766875963223387,0.029292746560034
2023-06-14,62.763999999999996,62.84649999999999,61.5532,62.2728,61.00129999999999,62.92598432671453,62.47616266629485,56.36012347861808,0.44982166041967986,0.39131440914180693,0.05850725127787293
2023-06-15,63.019000000000005,62.945499999999996,61.6346,62.2778,61.0037,63.20506366106614,62.64385432064337,60.46389461484962,0.5612093404227707,0.4252933953979997,0.135915945024771
2023-06-16,63.150999999999996,63.019000000000005,61.7232,62.2895,61.008100000000006,63.495053867055965,62.825050296892016,61.779165736740595,0.6700035701639493,0.47423543035118965,0.19576813981275965
2023-06-20,63.485,63.1005,61.807599999999994,62.2945,61.01545,63.67119942597043,62.95949101564075,59.05875284892843,0.7117084103296776,0.5217300263468873,0.18997838398279032
2023-06-21,63.586,63.059000000000005,61.849000000000004,62.27969999999999,61.01415,63.59563028351344,62.975825014482176,51.183762703777056,0.6198052690312608,0.541345074883762,0.07846019414749872
2023-06-22,63.586,63.02399999999999,61.867200000000004,62.248599999999996,61.015499999999996,63.44245639374214,62.94798612452053,48.42150705357962,0.4944702692216083,0.5319701137513313,-0.03749984452972299
2023-06-23,63.55999999999999,62.99550000000001,61.9024,62.216300000000004,61.0146,63.226693871627965,62.88072789307457,45.84872139091171,0.3459659785533944,0.49476928671174397,-0.14880330815834958
2023-06-26,63.601,63.01049999999999,61.939400000000006,62.1734,61.00854999999999,63.10874096830059,62.849562863957935,48.07700756377757,0.2591781043426522,0.4476510502379256,-0.1884729458952734
2023-06-27,63.58200000000001,63.023,62.0012,62.1163,61.002449999999996,63.11201158856204,62.87033598514624,51.505217883457966,0.24167560341579986,0.4064559608735005,-0.16478035745770064
2023-06-28,63.496,63.068999999999996,62.053599999999996,62.0434,60.991749999999996,63.15170211339865,62.90734813439467,52.709701566740485,0.24435397900398215,0.37403556449959685,-0.1296815854956147
2023-06-29,63.57899999999999,63.1715,62.122,62.0066,60.98285,63.36528640364501,63.02828530962469,58.164849672002816,0.33700109402031586,0.36662867040374064,-0.02962757638342478
2023-06-30,63.632999999999996,63.326,62.2226,61.991099999999996,60.9951,63.659857726161164,63.195078990393235,61.21244589756201,0.46477873576792916,0.3862586834765784,0.07852005229135078
2023-07-03,63.68000000000001,63.415499999999994,62.3344,61.971500000000006,61.01275,63.95218730675175,63.37025832443818,62.330635329978946,0.5819289823135705,0.4253927432439768,0.15653623906959369
2023-07-05,63.76899999999999,63.626999999999995,62.4552,61.9638,61.03020000000001,64.19492772109764,63.53023918929462,62.123987798523814,0.6646885318030229,0.47325190095578606,0.19143663084723683
2023-07-06,63.922000000000004,63.754,62.5594,61.9446,61.04275,64.27416961015955,63.617628878976504,56.60035147160987,0.6565407311830427,0.5099096670012374,0.14663106418180527
2023-07-07,64.196,63.891,62.696999999999996,61.9308,61.0534,64.43814351628885,63.74521192497825,59.57430786421784,0.6929315913105967,0.5465140518631093,0.14641753944748737
2023-07-10,64.656,64.108,62.8618,61.9189,61.07679999999999,64.77689066762902,63.95964067127616,64.91670581508858,0.8172499963528566,0.6006612407610588,0.2165887555917978
2023-07-11,65.128,64.3645,63.02120000000001,61.916599999999995,61.1123,65.14659979568609,64.19818580673719,66.87496515050995,0.9484139889489,0.6702117903986271,0.27820219855027295
2023-07-12,65.53200000000001,64.55699999999999,63.170199999999994,61.917,61.14915,65.4578921348113,64.41832019142332,66.80060484613456,1.0395719433879833,0.7440838209964984,0.2954881223914849
2023-07-13,65.964,64.72999999999999,63.327200000000005,61.93030000000001,61.19335,65.80129334484033,64.66066684391049,68.74668914467178,1.1406265009298409,0.8233923569831669,0.31723414394667393
2023-07-14,66.37,64.9745,63.5116,61.961499999999994,61.2429,66.23186359948028,64.95246929991711,71.85584455054455,1.2793942995631653,0.9145927454991667,0.3648015540639986
2023-07-17,66.686,65.15950000000001,63.7024,61.999300000000005,61.295249999999996,66.57157689186792,65.21080490733065,70.52732759932742,1.3607719845372657,1.0038285933067865,0.35694339123047913
2023-07-18,67.047,65.3635,63.828599999999994,62.046600000000005,61.34479999999999,66.97133429311901,65.50407861789876,72.98175244931898,1.4672556752202581,1.0965140096894808,0.37074166553077736
2023-07-19,67.40299999999999,65.586,63.9446,62.0946,61.398,67.2972828634084,65.76970242398033,72.27144111035209,1.527580439428064,1.1827272956371975,0.3448531437908666
2023-07-20,67.608,65.765,64.047,62.12389999999999,61.4446,67.21462396134557,65.84305779998179,55.36893064860725,1.3715661613637735,1.2204950687825127,0.15107109258126084
2023-07-21,67.755,65.97550000000001,64.1506,62.157,61.48349999999999,67.15237412113855,65.91468314813129,55.6088579029306,1.2376909730072612,1.2239342496274626,0.013756723379798608
2023-07-24,67.836,66.246,64.2484,62.205200000000005,61.51745,67.19816271788648,66.02841032234379,58.671436576912775,1.1697523955426874,1.2130978788105076,-0.04334548326782017
2023-07-25,67.902,66.51500000000001,64.3676,62.259899999999995,61.55350000000001,67.29690691513471,66.16260215031832,60.46154740746614,1.1343047648163918,1.1973392560116844,-0.0630344911952927
2023-07-26,67.961,66.7465,64.4896,62.312200000000004,61.59375,67.36815200511398,66.28092791696142,59.88850972708851,1.087224088152567,1.175316222439861,-0.08809213428729401
2023-07-27,67.821,66.89250000000001,64.5602,62.349700000000006,61.632749999999994,67.20228246586568,66.28159992311242,50.43032631394264,0.920682542753255,1.12438948650254,-0.20370694374928489
2023-07-28,67.537,66.95349999999999,64.6358,62.3812,61.6708,66.98039285573249,66.24296289177076,47.516574428668136,0.7374299639617306,1.0469975819943782,-0.30956761803264765
2023-07-31,67.296,66.991,64.7012,62.4273,61.714850000000006,66.83417857023518,66.22718786275071,49.12908624485547,0.6069907074844707,0.9589962070923967,-0.35200549960792604
2023-08-01,66.964,67.00550000000001,64.7458,62.4705,61.76035000000001,66.6827664825067,66.19924802106547,48.06876581780433,0.48351846144122135,0.8639006579621618,-0.3803821965209404
2023-08-02,66.589,66.99600000000001,64.7924,62.514799999999994,61.792300000000004,66.47618702365952,66.13560001950506,45.09883637197246,0.3405870041544574,0.7592379272006209,-0.41865092304616347
2023-08-03,66.96000000000001,67.284,64.92160000000001,62.615700000000004,61.85165,67.09061978925035,66.45666668472691,67.11109015978943,0.6339531045234423,0.7341809626651853,-0.10022785814174295
2023-08-04,67.379,67.56700000000001,65.07560000000001,62.7459,61.907250000000005,67.69206289859645,66.79320989326565,68.51559004621987,0.8988530053307926,0.7671153711983068,0.13173763413248585
2023-08-07,67.767,67.8015,65.25,62.87480000000001,61.9603,68.2517455295816,67.12926841969042,69.39204440737262,1.1224771098911788,0.8381877189368813,0.2842893909542975
2023-08-08,68.00899999999999,67.9555,65.41199999999999,63.0067,62.012550000000005,68.56070775579981,67.36117446267632,63.24437927209042,1.199533293123494,0.9104568337742039,0.28907645934929016
2023-08-09,68.227,68.09400000000001,65.5532,63.1221,62.06335,68.77290656259984,67.55219857655214,61.48987270305778,1.2207079860476995,0.9725070642289031,0.24820092181879638
2023-08-10,68.70599999999999,68.2635,65.72579999999999,63.255,62.11735000000001,69.12784401450756,67.81351720051124,65.19431478144628,1.314326813996317,1.0408710141823858,0.2734557998139311
2023-08-11,69.138,68.3375,65.87759999999999,63.3688,62.16395000000001,69.27432955073716,67.98140481528819,59.763514687100816,1.2929247354489775,1.0912817584357042,0.20164297701327327
2023-08-14,69.64500000000001,68.4705,66.0558,63.488,62.21205,69.55520192754683,68.21241186600759,63.13664988201032,1.3427900615392474,1.141583419056413,0.20120664248283449
2023-08-15,69.998,68.481,66.16799999999999,63.607400000000005,62.250699999999995,69.52824778484732,68.29889987593295,54.794739241586505,1.2293479089143773,1.1591363170280058,0.0702115918863715
2023-08-16,70.387,68.488,66.3266,63.71809999999999,62.287749999999996,69.48236351025542,68.36787025549347,54.12313345858181,1.1144932547619533,1.1502077045747954,-0.03571444981284211
2023-08-17,70.24799999999999,68.60400000000001,66.46480000000001,63.822399999999995,62.31805,69.42046143175459,68.4206206069384,53.41803758154738,0.9998408248161894,1.1201343286230743,-0.12029350380688486
2023-08-18,70.02799999999999,68.70349999999999,66.5888,63.9203,62.35080000000001,69.32500582686927,68.44872278420222,52.05478185844051,0.8762830426670547,1.0713640714318704,-0.1950810287648157
2023-08-21,69.771,68.769,66.718,64.0184,62.381949999999996,69.23808185350477,68.4717803557428,51.85120197005622,0.7663014977619724,1.010351556697891,-0.24405005893591847
2023-08-22,69.70400000000001,68.8565,66.86880000000001,64.1192,62.428599999999996,69.29222310681173,68.55461144050258,55.720889626991905,0.7376116663091494,0.9558035786201426,-0.21819191231099322
2023-08-23,69.756,68.9915,67.0116,64.2257,62.521100000000004,69.47188109037916,68.69575133379868,59.403881941822746,0.7761297565804739,0.9198688142122089,-0.143739057631735
2023-08-24,69.651,69.1785,67.1276,64.317,62.60809999999999,69.55774553801314,68.79458456833211,56.88541228755511,0.7631609696810244,0.888527245305972,-0.12536627562494762
2023-08-25,69.649,69.39349999999999,67.2546,64.4039,62.68965,69.63501545524188,68.88831904475195,57.022311965858115,0.7466964104899318,0.8601610783427641,-0.11346466785283227
2023-08-28,69.601,69.623,67.3722,64.5034,62.77665,69.78655153905083,69.01659170810366,59.601008125868574,0.7699598309471725,0.8421208288636459,-0.07216099791647346
2023-08-29,69.803,69.9005,67.4984,64.6108,62.863550000000004,70.03477437919686,69.19314047046635,62.93674609462644,0.8416339087305147,0.8420234448370197,-0.00038953610650505066
2023-08-30,70.029,70.208,67.6354,64.72149999999999,62.93455,70.2586552439358,69.36327821339476,63.31315883124222,0.8953770305410416,0.8526941619778241,0.04268286856321746
2023-08-31,70.28200000000001,70.265,67.804,64.82650000000001,63.000499999999995,70.46655443717646,69.52970204943959,63.84046999065617,0.9368523877368631,0.8695258071296319,0.06732658060723118
2023-09-01,70.575,70.3015,67.9866,64.92689999999999,63.06875,70.66093067761085,69.69268708281443,64.39164964809814,0.9682435947964194,0.8892693646629894,0.07897423013342997
2023-09-05,70.796,70.2835,68.1652,65.0338,63.1238,70.70847980413225,69.7873028544578,58.32761528206605,0.9211769496744466,0.895650881665281,0.02552606800916568
2023-09-06,70.967,70.3355,68.342,65.14070000000001,63.18325,70.79948291118883,69.89935449486833,60.08533498997965,0.9001284163204986,0.8965463885963245,0.0035820277241740417
2023-09-07,71.046,70.401,68.50439999999999,65.25280000000001,63.24215,70.86879323254439,69.99940231006326,59.67462833606527,0.8693909224811307,0.8911152953732858,-0.02172437289215512
2023-09-08,71.177,70.414,68.6638,65.3587,63.299,70.94128658138372,70.09870584265117,60.20195793314481,0.8425807387325506,0.8814083840451389,-0.03882764531258831
2023-09-11,71.304,70.4765,68.7996,65.4608,63.364650000000005,71.00108864578623,70.1899128172696,60.107903877824135,0.8111758285166246,0.8673618729394361,-0.0561860444228115
2023-09-12,71.255,70.428,68.89659999999999,65.5596,63.41915,70.86707500797296,70.18547483080519,50.010803544387635,0.6816001771677662,0.8302095337851021,-0.14860935661733587
2023-09-13,71.185,70.494,68.9994,65.6669,63.4725,70.8413711605925,70.22358780630111,53.966453194560074,0.6177833542913902,0.7877242978863598,-0.16994094359496958
2023-09-14,71.13300000000001,70.581,69.10820000000001,65.7817,63.52275,70.86116021280904,70.27887759842696,55.75254410564446,0.5822826143820805,0.746635961185504,-0.1643533468034235
2023-09-15,70.989,70.63550000000001,69.2174,65.8884,63.573100000000004,70.75482787237688,70.27081259113606,49.6104911631938,0.48401528124081494,0.6941118251965662,-0.21009654395575128
2023-09-18,70.838,70.70649999999999,69.315,66.006,63.626099999999994,70.67254666124198,70.26704869549636,49.98138128001104,0.40549796574562436,0.6363890533063778,-0.2308910875607535
2023-09-19,70.75,70.773,69.384,66.1229,63.6655,70.58292409797399,70.25393397731145,48.97210073669088,0.32899012066253874,0.5749092667776101,-0.24591914611507137
2023-09-20,70.571,70.769,69.4306,66.2259,63.69995,70.41785885213184,70.19882775676986,44.64092180778233,0.21903109536198428,0.503733632494485,-0.2847025371325007
2023-09-21,70.36699999999999,70.7065,69.4714,66.3208,63.734049999999996,70.23203441334233,70.12558125626839,42.54495958201132,0.10645315707394332,0.42427753741037666,-0.31782438033643334
2023-09-22,70.19399999999999,70.6855,69.5098,66.41850000000001,63.779849999999996,70.13633681128967,70.08739005210036,46.17379661899302,0.04894675918930602,0.34921138176616257,-0.30026462257685654
